image,label
ecg_test_0001.png,easy
ecg_test_0002.png,easy
ecg_test_0003.png,easy
ecg_test_0004.png,easy
ecg_test_0005.png,hard
ecg_test_0006.png,medium
ecg_test_0007.png,easy
ecg_test_0008.png,easy
ecg_test_0009.png,hard
ecg_test_0010.png,easy
ecg_test_0011.png,medium
ecg_test_0012.png,hard
ecg_test_0013.png,easy
ecg_test_0014.png,easy
ecg_test_0015.png,easy
ecg_test_0016.png,medium
ecg_test_0017.png,medium
ecg_test_0018.png,medium
ecg_test_0019.png,easy
ecg_test_0020.png,medium
ecg_test_0021.png,medium
ecg_test_0022.png,hard
ecg_test_0023.png,medium
ecg_test_0024.png,medium
ecg_test_0025.png,easy
ecg_test_0026.png,easy
ecg_test_0027.png,medium
ecg_test_0028.png,medium
ecg_test_0029.png,easy
ecg_test_0030.png,easy
ecg_test_0031.png,easy
ecg_test_0032.png,easy
ecg_test_0033.png,hard
ecg_test_0034.png,medium
ecg_test_0035.png,medium
ecg_test_0036.png,easy
ecg_test_0037.png,easy
ecg_test_0038.png,easy
ecg_test_0039.png,medium
ecg_test_0040.png,easy
ecg_test_0041.png,medium
ecg_test_0042.png,medium
ecg_test_0043.png,hard
ecg_test_0044.png,easy
ecg_test_0045.png,easy
ecg_test_0046.png,easy
ecg_test_0047.png,medium
ecg_test_0048.png,easy
ecg_test_0049.png,hard
ecg_test_0050.png,easy
ecg_test_0051.png,hard
ecg_test_0052.png,easy
ecg_test_0053.png,medium
ecg_test_0054.png,medium
ecg_test_0055.png,easy
ecg_test_0056.png,easy
ecg_test_0057.png,medium
ecg_test_0058.png,easy
ecg_test_0059.png,medium
ecg_test_0060.png,medium
ecg_test_0061.png,medium
ecg_test_0062.png,easy
ecg_test_0063.png,easy
ecg_test_0064.png,easy
ecg_test_0065.png,medium
ecg_test_0066.png,medium
ecg_test_0067.png,easy
ecg_test_0068.png,medium
ecg_test_0069.png,hard
ecg_test_0070.png,hard
ecg_test_0071.png,hard
ecg_test_0072.png,easy
ecg_test_0073.png,easy
ecg_test_0074.png,easy
ecg_test_0075.png,easy
ecg_test_0076.png,easy
ecg_test_0077.png,easy
ecg_test_0078.png,easy
ecg_test_0079.png,medium
ecg_test_0080.png,medium
ecg_test_0081.png,hard
ecg_test_0082.png,medium
ecg_test_0083.png,medium
ecg_test_0084.png,easy
ecg_test_0085.png,easy
ecg_test_0086.png,medium
ecg_test_0087.png,easy
ecg_test_0088.png,easy
ecg_test_0089.png,hard
ecg_test_0090.png,hard
ecg_test_0091.png,easy
ecg_test_0092.png,medium
ecg_test_0093.png,hard
ecg_test_0094.png,hard
ecg_test_0095.png,medium
ecg_test_0096.png,easy
ecg_test_0097.png,easy
ecg_test_0098.png,medium
ecg_test_0099.png,medium
ecg_test_0100.png,easy
ecg_test_0101.png,medium
ecg_test_0102.png,easy
ecg_test_0103.png,easy
ecg_test_0104.png,medium
ecg_test_0105.png,easy
ecg_test_0106.png,easy
ecg_test_0107.png,easy
ecg_test_0108.png,hard
ecg_test_0109.png,medium
ecg_test_0110.png,hard
ecg_test_0111.png,medium
ecg_test_0112.png,hard
ecg_test_0113.png,easy
ecg_test_0114.png,easy
ecg_test_0115.png,medium
ecg_test_0116.png,medium
ecg_test_0117.png,medium
ecg_test_0118.png,hard
ecg_test_0119.png,easy
ecg_test_0120.png,medium
ecg_test_0121.png,easy
ecg_test_0122.png,hard
ecg_test_0123.png,medium
ecg_test_0124.png,medium
ecg_test_0125.png,medium
ecg_test_0126.png,easy
ecg_test_0127.png,medium
ecg_test_0128.png,easy
ecg_test_0129.png,medium
ecg_test_0130.png,hard
ecg_test_0131.png,easy
ecg_test_0132.png,easy
ecg_test_0133.png,easy
ecg_test_0134.png,easy
ecg_test_0135.png,easy
ecg_test_0136.png,easy
ecg_test_0137.png,easy
ecg_test_0138.png,medium
ecg_test_0139.png,medium
ecg_test_0140.png,medium
ecg_test_0141.png,hard
ecg_test_0142.png,hard
ecg_test_0143.png,easy
ecg_test_0144.png,easy
ecg_test_0145.png,easy
ecg_test_0146.png,easy
ecg_test_0147.png,hard
ecg_test_0148.png,medium
ecg_test_0149.png,medium
ecg_test_0150.png,easy
ecg_test_0151.png,easy
ecg_test_0152.png,medium
ecg_test_0153.png,hard
ecg_test_0154.png,medium
ecg_test_0155.png,medium
ecg_test_0156.png,easy
ecg_test_0157.png,medium
ecg_test_0158.png,medium
ecg_test_0159.png,medium
ecg_test_0160.png,hard
ecg_test_0161.png,medium
ecg_test_0162.png,medium
ecg_test_0163.png,medium
ecg_test_0164.png,medium
ecg_test_0165.png,medium
ecg_test_0166.png,easy
ecg_test_0167.png,easy
ecg_test_0168.png,medium
ecg_test_0169.png,medium
ecg_test_0170.png,medium
ecg_test_0171.png,medium
ecg_test_0172.png,easy
ecg_test_0173.png,hard
ecg_test_0174.png,medium
ecg_test_0175.png,medium
ecg_test_0176.png,easy
ecg_test_0177.png,medium
ecg_test_0178.png,easy
ecg_test_0179.png,easy
ecg_test_0180.png,hard
ecg_test_0181.png,hard
ecg_test_0182.png,easy
ecg_test_0183.png,medium
ecg_test_0184.png,medium
ecg_test_0185.png,easy
ecg_test_0186.png,easy
ecg_test_0187.png,easy
ecg_test_0188.png,medium
ecg_test_0189.png,medium
ecg_test_0190.png,easy
ecg_test_0191.png,medium
ecg_test_0192.png,easy
ecg_test_0193.png,easy
ecg_test_0194.png,easy
ecg_test_0195.png,medium
ecg_test_0196.png,medium
ecg_test_0197.png,easy
ecg_test_0198.png,medium
ecg_test_0199.png,easy
ecg_test_0200.png,medium
ecg_test_0201.png,hard
ecg_test_0202.png,easy
ecg_test_0203.png,medium
ecg_test_0204.png,easy
ecg_test_0205.png,easy
ecg_test_0206.png,hard
ecg_test_0207.png,easy
ecg_test_0208.png,hard
ecg_test_0209.png,medium
ecg_test_0210.png,medium
ecg_test_0211.png,medium
ecg_test_0212.png,medium
ecg_test_0213.png,hard
ecg_test_0214.png,hard
ecg_test_0215.png,easy
ecg_test_0216.png,medium
ecg_test_0217.png,easy
ecg_test_0218.png,easy
ecg_test_0219.png,easy
ecg_test_0220.png,hard
ecg_test_0221.png,medium
ecg_test_0222.png,medium
ecg_test_0223.png,easy
ecg_test_0224.png,easy
ecg_test_0225.png,easy
ecg_test_0226.png,medium
ecg_test_0227.png,medium
ecg_test_0228.png,medium
ecg_test_0229.png,hard
ecg_test_0230.png,easy
ecg_test_0231.png,easy
ecg_test_0232.png,easy
ecg_test_0233.png,easy
ecg_test_0234.png,hard
ecg_test_0235.png,easy
ecg_test_0236.png,medium
ecg_test_0237.png,easy
ecg_test_0238.png,medium
ecg_test_0239.png,easy
ecg_test_0240.png,easy
ecg_test_0241.png,medium
ecg_test_0242.png,easy
ecg_test_0243.png,medium
ecg_test_0244.png,easy
ecg_test_0245.png,medium
ecg_test_0246.png,medium
ecg_test_0247.png,easy
ecg_test_0248.png,easy
ecg_test_0249.png,hard
ecg_test_0250.png,hard
ecg_test_0251.png,easy
ecg_test_0252.png,medium
ecg_test_0253.png,easy
ecg_test_0254.png,easy
ecg_test_0255.png,medium
ecg_test_0256.png,easy
ecg_test_0257.png,medium
ecg_test_0258.png,medium
ecg_test_0259.png,easy
ecg_test_0260.png,medium
ecg_test_0261.png,hard
ecg_test_0262.png,easy
ecg_test_0263.png,easy
ecg_test_0264.png,easy
ecg_test_0265.png,medium
ecg_test_0266.png,easy
ecg_test_0267.png,medium
ecg_test_0268.png,hard
ecg_test_0269.png,easy
ecg_test_0270.png,hard
ecg_test_0271.png,easy
ecg_test_0272.png,easy
ecg_test_0273.png,medium
ecg_test_0274.png,easy
ecg_test_0275.png,hard
ecg_test_0276.png,easy
ecg_test_0277.png,easy
ecg_test_0278.png,medium
ecg_test_0279.png,easy
ecg_test_0280.png,hard
ecg_test_0281.png,medium
ecg_test_0282.png,easy
ecg_test_0283.png,hard
ecg_test_0284.png,easy
ecg_test_0285.png,medium
ecg_test_0286.png,easy
ecg_test_0287.png,medium
ecg_test_0288.png,easy
ecg_test_0289.png,medium
ecg_test_0290.png,easy
ecg_test_0291.png,hard
ecg_test_0292.png,hard
ecg_test_0293.png,easy
ecg_test_0294.png,easy
ecg_test_0295.png,medium
ecg_test_0296.png,easy
ecg_test_0297.png,easy
ecg_test_0298.png,easy
ecg_test_0299.png,medium
ecg_test_0300.png,medium
ecg_test_0301.png,hard
ecg_test_0302.png,easy
ecg_test_0303.png,medium
ecg_test_0304.png,easy
ecg_test_0305.png,hard
ecg_test_0306.png,medium
ecg_test_0307.png,medium
ecg_test_0308.png,easy
ecg_test_0309.png,easy
ecg_test_0310.png,easy
ecg_test_0311.png,medium
ecg_test_0312.png,medium
ecg_test_0313.png,hard
ecg_test_0314.png,easy
ecg_test_0315.png,easy
ecg_test_0316.png,medium
ecg_test_0317.png,easy
ecg_test_0318.png,easy
ecg_test_0319.png,easy
ecg_test_0320.png,easy
ecg_test_0321.png,easy
ecg_test_0322.png,hard
ecg_test_0323.png,hard
ecg_test_0324.png,easy
ecg_test_0325.png,hard
ecg_test_0326.png,easy
ecg_test_0327.png,medium
ecg_test_0328.png,easy
ecg_test_0329.png,hard
ecg_test_0330.png,medium
ecg_test_0331.png,medium
ecg_test_0332.png,easy
ecg_test_0333.png,easy
ecg_test_0334.png,easy
ecg_test_0335.png,easy
ecg_test_0336.png,medium
ecg_test_0337.png,medium
ecg_test_0338.png,medium
ecg_test_0339.png,medium
ecg_test_0340.png,hard
ecg_test_0341.png,medium
ecg_test_0342.png,easy
ecg_test_0343.png,medium
ecg_test_0344.png,medium
ecg_test_0345.png,easy
ecg_test_0346.png,easy
ecg_test_0347.png,medium
ecg_test_0348.png,medium
ecg_test_0349.png,easy
ecg_test_0350.png,easy
ecg_test_0351.png,easy
ecg_test_0352.png,medium
ecg_test_0353.png,easy
ecg_test_0354.png,easy
ecg_test_0355.png,hard
ecg_test_0356.png,easy
ecg_test_0357.png,easy
ecg_test_0358.png,easy
ecg_test_0359.png,medium
ecg_test_0360.png,easy
ecg_test_0361.png,medium
ecg_test_0362.png,medium
ecg_test_0363.png,hard
ecg_test_0364.png,medium
ecg_test_0365.png,medium
ecg_test_0366.png,medium
ecg_test_0367.png,medium
ecg_test_0368.png,medium
ecg_test_0369.png,easy
ecg_test_0370.png,medium
ecg_test_0371.png,medium
ecg_test_0372.png,medium
ecg_test_0373.png,medium
ecg_test_0374.png,easy
ecg_test_0375.png,easy
ecg_test_0376.png,easy
ecg_test_0377.png,easy
ecg_test_0378.png,easy
ecg_test_0379.png,easy
ecg_test_0380.png,medium
ecg_test_0381.png,medium
ecg_test_0382.png,easy
ecg_test_0383.png,easy
ecg_test_0384.png,hard
ecg_test_0385.png,hard
ecg_test_0386.png,easy
ecg_test_0387.png,easy
ecg_test_0388.png,medium
ecg_test_0389.png,medium
ecg_test_0390.png,easy
ecg_test_0391.png,hard
ecg_test_0392.png,medium
ecg_test_0393.png,medium
ecg_test_0394.png,easy
ecg_test_0395.png,easy
ecg_test_0396.png,easy
ecg_test_0397.png,medium
ecg_test_0398.png,easy
ecg_test_0399.png,hard
ecg_test_0400.png,medium
ecg_test_0401.png,medium
ecg_test_0402.png,easy
ecg_test_0403.png,medium
ecg_test_0404.png,hard
ecg_test_0405.png,medium
ecg_test_0406.png,easy
ecg_test_0407.png,medium
ecg_test_0408.png,easy
ecg_test_0409.png,hard
ecg_test_0410.png,hard
ecg_test_0411.png,easy
ecg_test_0412.png,medium
ecg_test_0413.png,easy
ecg_test_0414.png,easy
ecg_test_0415.png,easy
ecg_test_0416.png,easy
ecg_test_0417.png,hard
ecg_test_0418.png,easy
ecg_test_0419.png,easy
ecg_test_0420.png,medium
ecg_test_0421.png,medium
ecg_test_0422.png,medium
ecg_test_0423.png,medium
ecg_test_0424.png,medium
ecg_test_0425.png,easy
ecg_test_0426.png,medium
ecg_test_0427.png,medium
ecg_test_0428.png,medium
ecg_test_0429.png,medium
ecg_test_0430.png,hard
ecg_test_0431.png,medium
ecg_test_0432.png,hard
ecg_test_0433.png,medium
ecg_test_0434.png,easy
ecg_test_0435.png,medium
ecg_test_0436.png,easy
ecg_test_0437.png,medium
ecg_test_0438.png,medium
ecg_test_0439.png,easy
ecg_test_0440.png,medium
ecg_test_0441.png,medium
ecg_test_0442.png,medium
ecg_test_0443.png,medium
ecg_test_0444.png,easy
ecg_test_0445.png,easy
ecg_test_0446.png,easy
ecg_test_0447.png,medium
ecg_test_0448.png,medium
ecg_test_0449.png,medium
ecg_test_0450.png,easy
ecg_test_0451.png,medium
ecg_test_0452.png,easy
ecg_test_0453.png,easy
ecg_test_0454.png,easy
ecg_test_0455.png,easy
ecg_test_0456.png,medium
ecg_test_0457.png,easy
ecg_test_0458.png,medium
ecg_test_0459.png,medium
ecg_test_0460.png,medium
ecg_test_0461.png,medium
ecg_test_0462.png,easy
ecg_test_0463.png,medium
ecg_test_0464.png,medium
ecg_test_0465.png,easy
ecg_test_0466.png,easy
ecg_test_0467.png,medium
ecg_test_0468.png,easy
ecg_test_0469.png,medium
ecg_test_0470.png,hard
ecg_test_0471.png,easy
ecg_test_0472.png,medium
ecg_test_0473.png,easy
ecg_test_0474.png,easy
ecg_test_0475.png,easy
ecg_test_0476.png,easy
ecg_test_0477.png,easy
ecg_test_0478.png,medium
ecg_test_0479.png,easy
ecg_test_0480.png,easy
ecg_test_0481.png,easy
ecg_test_0482.png,hard
ecg_test_0483.png,easy
ecg_test_0484.png,easy
ecg_test_0485.png,medium
ecg_test_0486.png,medium
ecg_test_0487.png,medium
ecg_test_0488.png,hard
ecg_test_0489.png,easy
ecg_test_0490.png,medium
ecg_test_0491.png,medium
ecg_test_0492.png,medium
ecg_test_0493.png,hard
ecg_test_0494.png,medium
ecg_test_0495.png,easy
ecg_test_0496.png,easy
ecg_test_0497.png,medium
ecg_test_0498.png,medium
ecg_test_0499.png,hard
ecg_test_0500.png,easy
ecg_train_0001.png,medium
ecg_train_0002.png,hard
ecg_train_0003.png,medium
ecg_train_0004.png,medium
ecg_train_0005.png,easy
ecg_train_0006.png,easy
ecg_train_0007.png,easy
ecg_train_0008.png,easy
ecg_train_0009.png,medium
ecg_train_0010.png,medium
ecg_train_0011.png,easy
ecg_train_0012.png,medium
ecg_train_0013.png,easy
ecg_train_0014.png,easy
ecg_train_0015.png,medium
ecg_train_0016.png,easy
ecg_train_0017.png,hard
ecg_train_0018.png,easy
ecg_train_0019.png,hard
ecg_train_0020.png,hard
ecg_train_0021.png,medium
ecg_train_0022.png,easy
ecg_train_0023.png,easy
ecg_train_0024.png,medium
ecg_train_0025.png,hard
ecg_train_0026.png,easy
ecg_train_0027.png,easy
ecg_train_0028.png,medium
ecg_train_0029.png,easy
ecg_train_0030.png,hard
ecg_train_0031.png,hard
ecg_train_0032.png,easy
ecg_train_0033.png,easy
ecg_train_0034.png,medium
ecg_train_0035.png,hard
ecg_train_0036.png,easy
ecg_train_0037.png,easy
ecg_train_0038.png,easy
ecg_train_0039.png,easy
ecg_train_0040.png,hard
ecg_train_0041.png,hard
ecg_train_0042.png,easy
ecg_train_0043.png,medium
ecg_train_0044.png,easy
ecg_train_0045.png,easy
ecg_train_0046.png,easy
ecg_train_0047.png,medium
ecg_train_0048.png,easy
ecg_train_0049.png,hard
ecg_train_0050.png,easy
ecg_train_0051.png,medium
ecg_train_0052.png,medium
ecg_train_0053.png,medium
ecg_train_0054.png,easy
ecg_train_0055.png,easy
ecg_train_0056.png,easy
ecg_train_0057.png,medium
ecg_train_0058.png,easy
ecg_train_0059.png,easy
ecg_train_0060.png,medium
ecg_train_0061.png,easy
ecg_train_0062.png,easy
ecg_train_0063.png,medium
ecg_train_0064.png,medium
ecg_train_0065.png,medium
ecg_train_0066.png,easy
ecg_train_0067.png,medium
ecg_train_0068.png,easy
ecg_train_0069.png,easy
ecg_train_0070.png,medium
ecg_train_0071.png,easy
ecg_train_0072.png,medium
ecg_train_0073.png,medium
ecg_train_0074.png,easy
ecg_train_0075.png,medium
ecg_train_0076.png,medium
ecg_train_0077.png,easy
ecg_train_0078.png,hard
ecg_train_0079.png,easy
ecg_train_0080.png,medium
ecg_train_0081.png,easy
ecg_train_0082.png,hard
ecg_train_0083.png,easy
ecg_train_0084.png,medium
ecg_train_0085.png,easy
ecg_train_0086.png,hard
ecg_train_0087.png,easy
ecg_train_0088.png,medium
ecg_train_0089.png,easy
ecg_train_0090.png,easy
ecg_train_0091.png,easy
ecg_train_0092.png,easy
ecg_train_0093.png,easy
ecg_train_0094.png,easy
ecg_train_0095.png,easy
ecg_train_0096.png,easy
ecg_train_0097.png,easy
ecg_train_0098.png,medium
ecg_train_0099.png,hard
ecg_train_0100.png,easy
ecg_train_0101.png,medium
ecg_train_0102.png,easy
ecg_train_0103.png,hard
ecg_train_0104.png,medium
ecg_train_0105.png,medium
ecg_train_0106.png,medium
ecg_train_0107.png,easy
ecg_train_0108.png,medium
ecg_train_0109.png,easy
ecg_train_0110.png,easy
ecg_train_0111.png,medium
ecg_train_0112.png,hard
ecg_train_0113.png,medium
ecg_train_0114.png,easy
ecg_train_0115.png,medium
ecg_train_0116.png,medium
ecg_train_0117.png,easy
ecg_train_0118.png,easy
ecg_train_0119.png,hard
ecg_train_0120.png,easy
ecg_train_0121.png,medium
ecg_train_0122.png,medium
ecg_train_0123.png,medium
ecg_train_0124.png,medium
ecg_train_0125.png,hard
ecg_train_0126.png,easy
ecg_train_0127.png,easy
ecg_train_0128.png,medium
ecg_train_0129.png,easy
ecg_train_0130.png,medium
ecg_train_0131.png,medium
ecg_train_0132.png,easy
ecg_train_0133.png,easy
ecg_train_0134.png,medium
ecg_train_0135.png,easy
ecg_train_0136.png,easy
ecg_train_0137.png,medium
ecg_train_0138.png,easy
ecg_train_0139.png,medium
ecg_train_0140.png,medium
ecg_train_0141.png,hard
ecg_train_0142.png,medium
ecg_train_0143.png,easy
ecg_train_0144.png,easy
ecg_train_0145.png,medium
ecg_train_0146.png,medium
ecg_train_0147.png,easy
ecg_train_0148.png,easy
ecg_train_0149.png,easy
ecg_train_0150.png,easy
ecg_train_0151.png,easy
ecg_train_0152.png,easy
ecg_train_0153.png,medium
ecg_train_0154.png,easy
ecg_train_0155.png,easy
ecg_train_0156.png,medium
ecg_train_0157.png,easy
ecg_train_0158.png,medium
ecg_train_0159.png,easy
ecg_train_0160.png,easy
ecg_train_0161.png,easy
ecg_train_0162.png,easy
ecg_train_0163.png,medium
ecg_train_0164.png,medium
ecg_train_0165.png,easy
ecg_train_0166.png,medium
ecg_train_0167.png,hard
ecg_train_0168.png,easy
ecg_train_0169.png,easy
ecg_train_0170.png,medium
ecg_train_0171.png,easy
ecg_train_0172.png,medium
ecg_train_0173.png,easy
ecg_train_0174.png,medium
ecg_train_0175.png,easy
ecg_train_0176.png,easy
ecg_train_0177.png,easy
ecg_train_0178.png,easy
ecg_train_0179.png,easy
ecg_train_0180.png,easy
ecg_train_0181.png,easy
ecg_train_0182.png,easy
ecg_train_0183.png,easy
ecg_train_0184.png,easy
ecg_train_0185.png,medium
ecg_train_0186.png,medium
ecg_train_0187.png,easy
ecg_train_0188.png,medium
ecg_train_0189.png,easy
ecg_train_0190.png,medium
ecg_train_0191.png,easy
ecg_train_0192.png,hard
ecg_train_0193.png,medium
ecg_train_0194.png,easy
ecg_train_0195.png,easy
ecg_train_0196.png,medium
ecg_train_0197.png,medium
ecg_train_0198.png,medium
ecg_train_0199.png,easy
ecg_train_0200.png,easy
ecg_train_0201.png,easy
ecg_train_0202.png,easy
ecg_train_0203.png,easy
ecg_train_0204.png,hard
ecg_train_0205.png,medium
ecg_train_0206.png,easy
ecg_train_0207.png,medium
ecg_train_0208.png,medium
ecg_train_0209.png,easy
ecg_train_0210.png,medium
ecg_train_0211.png,easy
ecg_train_0212.png,medium
ecg_train_0213.png,medium
ecg_train_0214.png,easy
ecg_train_0215.png,easy
ecg_train_0216.png,easy
ecg_train_0217.png,easy
ecg_train_0218.png,medium
ecg_train_0219.png,medium
ecg_train_0220.png,easy
ecg_train_0221.png,easy
ecg_train_0222.png,easy
ecg_train_0223.png,easy
ecg_train_0224.png,medium
ecg_train_0225.png,easy
ecg_train_0226.png,hard
ecg_train_0227.png,easy
ecg_train_0228.png,easy
ecg_train_0229.png,easy
ecg_train_0230.png,easy
ecg_train_0231.png,easy
ecg_train_0232.png,hard
ecg_train_0233.png,easy
ecg_train_0234.png,medium
ecg_train_0235.png,medium
ecg_train_0236.png,easy
ecg_train_0237.png,medium
ecg_train_0238.png,easy
ecg_train_0239.png,medium
ecg_train_0240.png,easy
ecg_train_0241.png,easy
ecg_train_0242.png,medium
ecg_train_0243.png,medium
ecg_train_0244.png,easy
ecg_train_0245.png,hard
ecg_train_0246.png,medium
ecg_train_0247.png,medium
ecg_train_0248.png,easy
ecg_train_0249.png,medium
ecg_train_0250.png,medium
ecg_train_0251.png,easy
ecg_train_0252.png,medium
ecg_train_0253.png,medium
ecg_train_0254.png,easy
ecg_train_0255.png,easy
ecg_train_0256.png,easy
ecg_train_0257.png,medium
ecg_train_0258.png,easy
ecg_train_0259.png,easy
ecg_train_0260.png,easy
ecg_train_0261.png,easy
ecg_train_0262.png,medium
ecg_train_0263.png,easy
ecg_train_0264.png,easy
ecg_train_0265.png,easy
ecg_train_0266.png,medium
ecg_train_0267.png,easy
ecg_train_0268.png,hard
ecg_train_0269.png,easy
ecg_train_0270.png,medium
ecg_train_0271.png,medium
ecg_train_0272.png,medium
ecg_train_0273.png,easy
ecg_train_0274.png,easy
ecg_train_0275.png,hard
ecg_train_0276.png,medium
ecg_train_0277.png,easy
ecg_train_0278.png,medium
ecg_train_0279.png,easy
ecg_train_0280.png,medium
ecg_train_0281.png,easy
ecg_train_0282.png,easy
ecg_train_0283.png,medium
ecg_train_0284.png,medium
ecg_train_0285.png,easy
ecg_train_0286.png,medium
ecg_train_0287.png,medium
ecg_train_0288.png,easy
ecg_train_0289.png,hard
ecg_train_0290.png,medium
ecg_train_0291.png,easy
ecg_train_0292.png,easy
ecg_train_0293.png,medium
ecg_train_0294.png,easy
ecg_train_0295.png,medium
ecg_train_0296.png,medium
ecg_train_0297.png,medium
ecg_train_0298.png,hard
ecg_train_0299.png,easy
ecg_train_0300.png,easy
ecg_train_0301.png,easy
ecg_train_0302.png,easy
ecg_train_0303.png,medium
ecg_train_0304.png,easy
ecg_train_0305.png,medium
ecg_train_0306.png,easy
ecg_train_0307.png,medium
ecg_train_0308.png,medium
ecg_train_0309.png,medium
ecg_train_0310.png,medium
ecg_train_0311.png,easy
ecg_train_0312.png,easy
ecg_train_0313.png,easy
ecg_train_0314.png,hard
ecg_train_0315.png,medium
ecg_train_0316.png,easy
ecg_train_0317.png,easy
ecg_train_0318.png,medium
ecg_train_0319.png,easy
ecg_train_0320.png,easy
ecg_train_0321.png,hard
ecg_train_0322.png,easy
ecg_train_0323.png,medium
ecg_train_0324.png,easy
ecg_train_0325.png,easy
ecg_train_0326.png,easy
ecg_train_0327.png,hard
ecg_train_0328.png,medium
ecg_train_0329.png,medium
ecg_train_0330.png,easy
ecg_train_0331.png,hard
ecg_train_0332.png,medium
ecg_train_0333.png,easy
ecg_train_0334.png,medium
ecg_train_0335.png,medium
ecg_train_0336.png,easy
ecg_train_0337.png,hard
ecg_train_0338.png,easy
ecg_train_0339.png,easy
ecg_train_0340.png,medium
ecg_train_0341.png,easy
ecg_train_0342.png,easy
ecg_train_0343.png,easy
ecg_train_0344.png,easy
ecg_train_0345.png,medium
ecg_train_0346.png,easy
ecg_train_0347.png,easy
ecg_train_0348.png,easy
ecg_train_0349.png,medium
ecg_train_0350.png,easy
ecg_train_0351.png,easy
ecg_train_0352.png,easy
ecg_train_0353.png,medium
ecg_train_0354.png,easy
ecg_train_0355.png,easy
ecg_train_0356.png,medium
ecg_train_0357.png,easy
ecg_train_0358.png,easy
ecg_train_0359.png,easy
ecg_train_0360.png,easy
ecg_train_0361.png,easy
ecg_train_0362.png,easy
ecg_train_0363.png,medium
ecg_train_0364.png,easy
ecg_train_0365.png,medium
ecg_train_0366.png,easy
ecg_train_0367.png,easy
ecg_train_0368.png,hard
ecg_train_0369.png,easy
ecg_train_0370.png,easy
ecg_train_0371.png,medium
ecg_train_0372.png,easy
ecg_train_0373.png,hard
ecg_train_0374.png,medium
ecg_train_0375.png,easy
ecg_train_0376.png,easy
ecg_train_0377.png,medium
ecg_train_0378.png,easy
ecg_train_0379.png,easy
ecg_train_0380.png,easy
ecg_train_0381.png,easy
ecg_train_0382.png,medium
ecg_train_0383.png,hard
ecg_train_0384.png,easy
ecg_train_0385.png,easy
ecg_train_0386.png,hard
ecg_train_0387.png,medium
ecg_train_0388.png,easy
ecg_train_0389.png,easy
ecg_train_0390.png,medium
ecg_train_0391.png,medium
ecg_train_0392.png,medium
ecg_train_0393.png,easy
ecg_train_0394.png,easy
ecg_train_0395.png,easy
ecg_train_0396.png,easy
ecg_train_0397.png,easy
ecg_train_0398.png,easy
ecg_train_0399.png,easy
ecg_train_0400.png,easy
ecg_train_0401.png,medium
ecg_train_0402.png,easy
ecg_train_0403.png,easy
ecg_train_0404.png,medium
ecg_train_0405.png,medium
ecg_train_0406.png,hard
ecg_train_0407.png,easy
ecg_train_0408.png,medium
ecg_train_0409.png,easy
ecg_train_0410.png,easy
ecg_train_0411.png,easy
ecg_train_0412.png,easy
ecg_train_0413.png,medium
ecg_train_0414.png,easy
ecg_train_0415.png,easy
ecg_train_0416.png,medium
ecg_train_0417.png,easy
ecg_train_0418.png,easy
ecg_train_0419.png,easy
ecg_train_0420.png,medium
ecg_train_0421.png,easy
ecg_train_0422.png,easy
ecg_train_0423.png,easy
ecg_train_0424.png,medium
ecg_train_0425.png,easy
ecg_train_0426.png,easy
ecg_train_0427.png,hard
ecg_train_0428.png,easy
ecg_train_0429.png,easy
ecg_train_0430.png,medium
ecg_train_0431.png,easy
ecg_train_0432.png,easy
ecg_train_0433.png,medium
ecg_train_0434.png,hard
ecg_train_0435.png,easy
ecg_train_0436.png,easy
ecg_train_0437.png,easy
ecg_train_0438.png,easy
ecg_train_0439.png,easy
ecg_train_0440.png,medium
ecg_train_0441.png,medium
ecg_train_0442.png,easy
ecg_train_0443.png,easy
ecg_train_0444.png,easy
ecg_train_0445.png,easy
ecg_train_0446.png,easy
ecg_train_0447.png,easy
ecg_train_0448.png,medium
ecg_train_0449.png,hard
ecg_train_0450.png,easy
ecg_train_0451.png,easy
ecg_train_0452.png,medium
ecg_train_0453.png,medium
ecg_train_0454.png,easy
ecg_train_0455.png,medium
ecg_train_0456.png,easy
ecg_train_0457.png,hard
ecg_train_0458.png,medium
ecg_train_0459.png,easy
ecg_train_0460.png,easy
ecg_train_0461.png,hard
ecg_train_0462.png,medium
ecg_train_0463.png,easy
ecg_train_0464.png,easy
ecg_train_0465.png,easy
ecg_train_0466.png,medium
ecg_train_0467.png,medium
ecg_train_0468.png,hard
ecg_train_0469.png,medium
ecg_train_0470.png,easy
ecg_train_0471.png,easy
ecg_train_0472.png,hard
ecg_train_0473.png,medium
ecg_train_0474.png,easy
ecg_train_0475.png,medium
ecg_train_0476.png,easy
ecg_train_0477.png,medium
ecg_train_0478.png,easy
ecg_train_0479.png,hard
ecg_train_0480.png,easy
ecg_train_0481.png,easy
ecg_train_0482.png,easy
ecg_train_0483.png,easy
ecg_train_0484.png,medium
ecg_train_0485.png,hard
ecg_train_0486.png,easy
ecg_train_0487.png,hard
ecg_train_0488.png,easy
ecg_train_0489.png,medium
ecg_train_0490.png,easy
ecg_train_0491.png,easy
ecg_train_0492.png,easy
ecg_train_0493.png,easy
ecg_train_0494.png,easy
ecg_train_0495.png,easy
ecg_train_0496.png,easy
ecg_train_0497.png,hard
ecg_train_0498.png,easy
ecg_train_0499.png,easy
ecg_train_0500.png,medium
ecg_train_0501.png,easy
ecg_train_0502.png,easy
ecg_train_0503.png,medium
ecg_train_0504.png,easy
ecg_train_0505.png,medium
ecg_train_0506.png,easy
ecg_train_0507.png,medium
ecg_train_0508.png,easy
ecg_train_0509.png,easy
ecg_train_0510.png,easy
ecg_train_0511.png,easy
ecg_train_0512.png,easy
ecg_train_0513.png,medium
ecg_train_0514.png,easy
ecg_train_0515.png,medium
ecg_train_0516.png,easy
ecg_train_0517.png,easy
ecg_train_0518.png,easy
ecg_train_0519.png,medium
ecg_train_0520.png,medium
ecg_train_0521.png,hard
ecg_train_0522.png,easy
ecg_train_0523.png,easy
ecg_train_0524.png,hard
ecg_train_0525.png,easy
ecg_train_0526.png,hard
ecg_train_0527.png,medium
ecg_train_0528.png,medium
ecg_train_0529.png,hard
ecg_train_0530.png,medium
ecg_train_0531.png,easy
ecg_train_0532.png,medium
ecg_train_0533.png,medium
ecg_train_0534.png,easy
ecg_train_0535.png,medium
ecg_train_0536.png,easy
ecg_train_0537.png,hard
ecg_train_0538.png,hard
ecg_train_0539.png,medium
ecg_train_0540.png,medium
ecg_train_0541.png,easy
ecg_train_0542.png,easy
ecg_train_0543.png,medium
ecg_train_0544.png,medium
ecg_train_0545.png,easy
ecg_train_0546.png,easy
ecg_train_0547.png,medium
ecg_train_0548.png,medium
ecg_train_0549.png,easy
ecg_train_0550.png,easy
ecg_train_0551.png,easy
ecg_train_0552.png,medium
ecg_train_0553.png,easy
ecg_train_0554.png,medium
ecg_train_0555.png,easy
ecg_train_0556.png,easy
ecg_train_0557.png,easy
ecg_train_0558.png,easy
ecg_train_0559.png,easy
ecg_train_0560.png,medium
ecg_train_0561.png,medium
ecg_train_0562.png,medium
ecg_train_0563.png,easy
ecg_train_0564.png,medium
ecg_train_0565.png,easy
ecg_train_0566.png,medium
ecg_train_0567.png,easy
ecg_train_0568.png,easy
ecg_train_0569.png,hard
ecg_train_0570.png,easy
ecg_train_0571.png,easy
ecg_train_0572.png,easy
ecg_train_0573.png,easy
ecg_train_0574.png,easy
ecg_train_0575.png,medium
ecg_train_0576.png,medium
ecg_train_0577.png,easy
ecg_train_0578.png,medium
ecg_train_0579.png,hard
ecg_train_0580.png,medium
ecg_train_0581.png,medium
ecg_train_0582.png,medium
ecg_train_0583.png,easy
ecg_train_0584.png,easy
ecg_train_0585.png,easy
ecg_train_0586.png,medium
ecg_train_0587.png,easy
ecg_train_0588.png,medium
ecg_train_0589.png,easy
ecg_train_0590.png,easy
ecg_train_0591.png,medium
ecg_train_0592.png,medium
ecg_train_0593.png,easy
ecg_train_0594.png,easy
ecg_train_0595.png,easy
ecg_train_0596.png,easy
ecg_train_0597.png,easy
ecg_train_0598.png,easy
ecg_train_0599.png,easy
ecg_train_0600.png,easy
ecg_train_0601.png,easy
ecg_train_0602.png,easy
ecg_train_0603.png,medium
ecg_train_0604.png,medium
ecg_train_0605.png,easy
ecg_train_0606.png,easy
ecg_train_0607.png,medium
ecg_train_0608.png,easy
ecg_train_0609.png,easy
ecg_train_0610.png,easy
ecg_train_0611.png,hard
ecg_train_0612.png,medium
ecg_train_0613.png,medium
ecg_train_0614.png,easy
ecg_train_0615.png,easy
ecg_train_0616.png,medium
ecg_train_0617.png,medium
ecg_train_0618.png,medium
ecg_train_0619.png,medium
ecg_train_0620.png,easy
ecg_train_0621.png,medium
ecg_train_0622.png,easy
ecg_train_0623.png,medium
ecg_train_0624.png,medium
ecg_train_0625.png,hard
ecg_train_0626.png,easy
ecg_train_0627.png,easy
ecg_train_0628.png,hard
ecg_train_0629.png,medium
ecg_train_0630.png,medium
ecg_train_0631.png,easy
ecg_train_0632.png,medium
ecg_train_0633.png,medium
ecg_train_0634.png,easy
ecg_train_0635.png,medium
ecg_train_0636.png,medium
ecg_train_0637.png,easy
ecg_train_0638.png,medium
ecg_train_0639.png,easy
ecg_train_0640.png,medium
ecg_train_0641.png,medium
ecg_train_0642.png,medium
ecg_train_0643.png,hard
ecg_train_0644.png,medium
ecg_train_0645.png,hard
ecg_train_0646.png,easy
ecg_train_0647.png,easy
ecg_train_0648.png,medium
ecg_train_0649.png,easy
ecg_train_0650.png,hard
ecg_train_0651.png,easy
ecg_train_0652.png,medium
ecg_train_0653.png,easy
ecg_train_0654.png,easy
ecg_train_0655.png,medium
ecg_train_0656.png,medium
ecg_train_0657.png,easy
ecg_train_0658.png,easy
ecg_train_0659.png,easy
ecg_train_0660.png,easy
ecg_train_0661.png,easy
ecg_train_0662.png,easy
ecg_train_0663.png,easy
ecg_train_0664.png,medium
ecg_train_0665.png,easy
ecg_train_0666.png,easy
ecg_train_0667.png,easy
ecg_train_0668.png,easy
ecg_train_0669.png,medium
ecg_train_0670.png,medium
ecg_train_0671.png,medium
ecg_train_0672.png,medium
ecg_train_0673.png,easy
ecg_train_0674.png,medium
ecg_train_0675.png,easy
ecg_train_0676.png,medium
ecg_train_0677.png,hard
ecg_train_0678.png,easy
ecg_train_0679.png,hard
ecg_train_0680.png,medium
ecg_train_0681.png,hard
ecg_train_0682.png,medium
ecg_train_0683.png,easy
ecg_train_0684.png,easy
ecg_train_0685.png,medium
ecg_train_0686.png,medium
ecg_train_0687.png,easy
ecg_train_0688.png,medium
ecg_train_0689.png,easy
ecg_train_0690.png,easy
ecg_train_0691.png,easy
ecg_train_0692.png,easy
ecg_train_0693.png,easy
ecg_train_0694.png,easy
ecg_train_0695.png,medium
ecg_train_0696.png,easy
ecg_train_0697.png,medium
ecg_train_0698.png,easy
ecg_train_0699.png,easy
ecg_train_0700.png,easy
ecg_train_0701.png,hard
ecg_train_0702.png,medium
ecg_train_0703.png,easy
ecg_train_0704.png,medium
ecg_train_0705.png,easy
ecg_train_0706.png,medium
ecg_train_0707.png,easy
ecg_train_0708.png,easy
ecg_train_0709.png,easy
ecg_train_0710.png,medium
ecg_train_0711.png,easy
ecg_train_0712.png,hard
ecg_train_0713.png,easy
ecg_train_0714.png,easy
ecg_train_0715.png,easy
ecg_train_0716.png,easy
ecg_train_0717.png,easy
ecg_train_0718.png,easy
ecg_train_0719.png,easy
ecg_train_0720.png,medium
ecg_train_0721.png,medium
ecg_train_0722.png,easy
ecg_train_0723.png,easy
ecg_train_0724.png,easy
ecg_train_0725.png,medium
ecg_train_0726.png,hard
ecg_train_0727.png,hard
ecg_train_0728.png,easy
ecg_train_0729.png,medium
ecg_train_0730.png,medium
ecg_train_0731.png,easy
ecg_train_0732.png,easy
ecg_train_0733.png,easy
ecg_train_0734.png,easy
ecg_train_0735.png,hard
ecg_train_0736.png,medium
ecg_train_0737.png,easy
ecg_train_0738.png,easy
ecg_train_0739.png,medium
ecg_train_0740.png,easy
ecg_train_0741.png,medium
ecg_train_0742.png,medium
ecg_train_0743.png,hard
ecg_train_0744.png,medium
ecg_train_0745.png,easy
ecg_train_0746.png,easy
ecg_train_0747.png,easy
ecg_train_0748.png,easy
ecg_train_0749.png,easy
ecg_train_0750.png,easy
ecg_train_0751.png,easy
ecg_train_0752.png,easy
ecg_train_0753.png,medium
ecg_train_0754.png,easy
ecg_train_0755.png,medium
ecg_train_0756.png,hard
ecg_train_0757.png,medium
ecg_train_0758.png,easy
ecg_train_0759.png,easy
ecg_train_0760.png,easy
ecg_train_0761.png,medium
ecg_train_0762.png,easy
ecg_train_0763.png,hard
ecg_train_0764.png,medium
ecg_train_0765.png,easy
ecg_train_0766.png,easy
ecg_train_0767.png,medium
ecg_train_0768.png,easy
ecg_train_0769.png,easy
ecg_train_0770.png,easy
ecg_train_0771.png,easy
ecg_train_0772.png,medium
ecg_train_0773.png,easy
ecg_train_0774.png,medium
ecg_train_0775.png,hard
ecg_train_0776.png,easy
ecg_train_0777.png,medium
ecg_train_0778.png,easy
ecg_train_0779.png,medium
ecg_train_0780.png,easy
ecg_train_0781.png,medium
ecg_train_0782.png,medium
ecg_train_0783.png,medium
ecg_train_0784.png,easy
ecg_train_0785.png,medium
ecg_train_0786.png,medium
ecg_train_0787.png,easy
ecg_train_0788.png,medium
ecg_train_0789.png,medium
ecg_train_0790.png,medium
ecg_train_0791.png,medium
ecg_train_0792.png,easy
ecg_train_0793.png,medium
ecg_train_0794.png,easy
ecg_train_0795.png,easy
ecg_train_0796.png,medium
ecg_train_0797.png,easy
ecg_train_0798.png,medium
ecg_train_0799.png,easy
ecg_train_0800.png,easy
ecg_train_0801.png,easy
ecg_train_0802.png,easy
ecg_train_0803.png,easy
ecg_train_0804.png,easy
ecg_train_0805.png,medium
ecg_train_0806.png,easy
ecg_train_0807.png,easy
ecg_train_0808.png,medium
ecg_train_0809.png,easy
ecg_train_0810.png,hard
ecg_train_0811.png,easy
ecg_train_0812.png,hard
ecg_train_0813.png,medium
ecg_train_0814.png,easy
ecg_train_0815.png,easy
ecg_train_0816.png,easy
ecg_train_0817.png,medium
ecg_train_0818.png,hard
ecg_train_0819.png,medium
ecg_train_0820.png,easy
ecg_train_0821.png,easy
ecg_train_0822.png,easy
ecg_train_0823.png,hard
ecg_train_0824.png,medium
ecg_train_0825.png,easy
ecg_train_0826.png,easy
ecg_train_0827.png,medium
ecg_train_0828.png,easy
ecg_train_0829.png,medium
ecg_train_0830.png,medium
ecg_train_0831.png,easy
ecg_train_0832.png,easy
ecg_train_0833.png,easy
ecg_train_0834.png,medium
ecg_train_0835.png,medium
ecg_train_0836.png,easy
ecg_train_0837.png,medium
ecg_train_0838.png,easy
ecg_train_0839.png,medium
ecg_train_0840.png,medium
ecg_train_0841.png,medium
ecg_train_0842.png,medium
ecg_train_0843.png,medium
ecg_train_0844.png,easy
ecg_train_0845.png,easy
ecg_train_0846.png,easy
ecg_train_0847.png,medium
ecg_train_0848.png,easy
ecg_train_0849.png,easy
ecg_train_0850.png,hard
ecg_train_0851.png,easy
ecg_train_0852.png,medium
ecg_train_0853.png,easy
ecg_train_0854.png,easy
ecg_train_0855.png,medium
ecg_train_0856.png,medium
ecg_train_0857.png,easy
ecg_train_0858.png,easy
ecg_train_0859.png,easy
ecg_train_0860.png,easy
ecg_train_0861.png,medium
ecg_train_0862.png,medium
ecg_train_0863.png,easy
ecg_train_0864.png,medium
ecg_train_0865.png,easy
ecg_train_0866.png,medium
ecg_train_0867.png,easy
ecg_train_0868.png,hard
ecg_train_0869.png,medium
ecg_train_0870.png,medium
ecg_train_0871.png,easy
ecg_train_0872.png,medium
ecg_train_0873.png,medium
ecg_train_0874.png,easy
ecg_train_0875.png,easy
ecg_train_0876.png,easy
ecg_train_0877.png,easy
ecg_train_0878.png,hard
ecg_train_0879.png,easy
ecg_train_0880.png,medium
ecg_train_0881.png,medium
ecg_train_0882.png,medium
ecg_train_0883.png,easy
ecg_train_0884.png,easy
ecg_train_0885.png,medium
ecg_train_0886.png,hard
ecg_train_0887.png,medium
ecg_train_0888.png,medium
ecg_train_0889.png,medium
ecg_train_0890.png,easy
ecg_train_0891.png,easy
ecg_train_0892.png,easy
ecg_train_0893.png,hard
ecg_train_0894.png,easy
ecg_train_0895.png,easy
ecg_train_0896.png,easy
ecg_train_0897.png,easy
ecg_train_0898.png,hard
ecg_train_0899.png,medium
ecg_train_0900.png,medium
ecg_train_0901.png,medium
ecg_train_0902.png,easy
ecg_train_0903.png,medium
ecg_train_0904.png,medium
ecg_train_0905.png,hard
ecg_train_0906.png,easy
ecg_train_0907.png,medium
ecg_train_0908.png,easy
ecg_train_0909.png,easy
ecg_train_0910.png,hard
ecg_train_0911.png,easy
ecg_train_0912.png,medium
ecg_train_0913.png,easy
ecg_train_0914.png,easy
ecg_train_0915.png,medium
ecg_train_0916.png,easy
ecg_train_0917.png,easy
ecg_train_0918.png,easy
ecg_train_0919.png,easy
ecg_train_0920.png,easy
ecg_train_0921.png,easy
ecg_train_0922.png,easy
ecg_train_0923.png,easy
ecg_train_0924.png,medium
ecg_train_0925.png,hard
ecg_train_0926.png,medium
ecg_train_0927.png,easy
ecg_train_0928.png,easy
ecg_train_0929.png,hard
ecg_train_0930.png,easy
ecg_train_0931.png,easy
ecg_train_0932.png,medium
ecg_train_0933.png,easy
ecg_train_0934.png,easy
ecg_train_0935.png,medium
ecg_train_0936.png,medium
ecg_train_0937.png,easy
ecg_train_0938.png,easy
ecg_train_0939.png,medium
ecg_train_0940.png,easy
ecg_train_0941.png,medium
ecg_train_0942.png,hard
ecg_train_0943.png,easy
ecg_train_0944.png,medium
ecg_train_0945.png,easy
ecg_train_0946.png,medium
ecg_train_0947.png,easy
ecg_train_0948.png,medium
ecg_train_0949.png,hard
ecg_train_0950.png,easy
ecg_train_0951.png,easy
ecg_train_0952.png,easy
ecg_train_0953.png,medium
ecg_train_0954.png,easy
ecg_train_0955.png,hard
ecg_train_0956.png,easy
ecg_train_0957.png,medium
ecg_train_0958.png,easy
ecg_train_0959.png,medium
ecg_train_0960.png,medium
ecg_train_0961.png,medium
ecg_train_0962.png,medium
ecg_train_0963.png,medium
ecg_train_0964.png,easy
ecg_train_0965.png,easy
ecg_train_0966.png,easy
ecg_train_0967.png,medium
ecg_train_0968.png,easy
ecg_train_0969.png,medium
ecg_train_0970.png,hard
ecg_train_0971.png,medium
ecg_train_0972.png,easy
ecg_train_0973.png,easy
ecg_train_0974.png,easy
ecg_train_0975.png,medium
ecg_train_0976.png,medium
ecg_train_0977.png,medium
ecg_train_0978.png,easy
ecg_train_0979.png,medium
ecg_train_0980.png,easy
ecg_train_0981.png,easy
ecg_train_0982.png,medium
ecg_train_0983.png,easy
ecg_train_0984.png,medium
ecg_train_0985.png,hard
ecg_train_0986.png,medium
ecg_train_0987.png,easy
ecg_train_0988.png,medium
ecg_train_0989.png,easy
ecg_train_0990.png,medium
ecg_train_0991.png,medium
ecg_train_0992.png,easy
ecg_train_0993.png,easy
ecg_train_0994.png,easy
ecg_train_0995.png,easy
ecg_train_0996.png,medium
ecg_train_0997.png,medium
ecg_train_0998.png,easy
ecg_train_0999.png,easy
ecg_train_1000.png,easy
ecg_train_1001.png,easy
ecg_train_1002.png,medium
ecg_train_1003.png,medium
ecg_train_1004.png,hard
ecg_train_1005.png,hard
ecg_train_1006.png,medium
ecg_train_1007.png,easy
ecg_train_1008.png,medium
ecg_train_1009.png,medium
ecg_train_1010.png,hard
ecg_train_1011.png,medium
ecg_train_1012.png,easy
ecg_train_1013.png,easy
ecg_train_1014.png,easy
ecg_train_1015.png,hard
ecg_train_1016.png,easy
ecg_train_1017.png,medium
ecg_train_1018.png,easy
ecg_train_1019.png,easy
ecg_train_1020.png,easy
ecg_train_1021.png,easy
ecg_train_1022.png,easy
ecg_train_1023.png,easy
ecg_train_1024.png,easy
ecg_train_1025.png,easy
ecg_train_1026.png,medium
ecg_train_1027.png,medium
ecg_train_1028.png,easy
ecg_train_1029.png,medium
ecg_train_1030.png,easy
ecg_train_1031.png,medium
ecg_train_1032.png,medium
ecg_train_1033.png,easy
ecg_train_1034.png,easy
ecg_train_1035.png,medium
ecg_train_1036.png,medium
ecg_train_1037.png,easy
ecg_train_1038.png,easy
ecg_train_1039.png,easy
ecg_train_1040.png,easy
ecg_train_1041.png,easy
ecg_train_1042.png,easy
ecg_train_1043.png,easy
ecg_train_1044.png,medium
ecg_train_1045.png,medium
ecg_train_1046.png,easy
ecg_train_1047.png,easy
ecg_train_1048.png,easy
ecg_train_1049.png,hard
ecg_train_1050.png,easy
ecg_train_1051.png,easy
ecg_train_1052.png,easy
ecg_train_1053.png,medium
ecg_train_1054.png,hard
ecg_train_1055.png,easy
ecg_train_1056.png,medium
ecg_train_1057.png,hard
ecg_train_1058.png,medium
ecg_train_1059.png,hard
ecg_train_1060.png,easy
ecg_train_1061.png,easy
ecg_train_1062.png,medium
ecg_train_1063.png,medium
ecg_train_1064.png,easy
ecg_train_1065.png,easy
ecg_train_1066.png,easy
ecg_train_1067.png,easy
ecg_train_1068.png,easy
ecg_train_1069.png,easy
ecg_train_1070.png,easy
ecg_train_1071.png,easy
ecg_train_1072.png,easy
ecg_train_1073.png,medium
ecg_train_1074.png,easy
ecg_train_1075.png,medium
ecg_train_1076.png,easy
ecg_train_1077.png,easy
ecg_train_1078.png,easy
ecg_train_1079.png,easy
ecg_train_1080.png,easy
ecg_train_1081.png,easy
ecg_train_1082.png,hard
ecg_train_1083.png,hard
ecg_train_1084.png,easy
ecg_train_1085.png,easy
ecg_train_1086.png,hard
ecg_train_1087.png,medium
ecg_train_1088.png,hard
ecg_train_1089.png,easy
ecg_train_1090.png,easy
ecg_train_1091.png,medium
ecg_train_1092.png,medium
ecg_train_1093.png,easy
ecg_train_1094.png,easy
ecg_train_1095.png,easy
ecg_train_1096.png,hard
ecg_train_1097.png,easy
ecg_train_1098.png,easy
ecg_train_1099.png,hard
ecg_train_1100.png,hard
ecg_train_1101.png,medium
ecg_train_1102.png,medium
ecg_train_1103.png,medium
ecg_train_1104.png,easy
ecg_train_1105.png,medium
ecg_train_1106.png,easy
ecg_train_1107.png,easy
ecg_train_1108.png,medium
ecg_train_1109.png,easy
ecg_train_1110.png,easy
ecg_train_1111.png,easy
ecg_train_1112.png,medium
ecg_train_1113.png,medium
ecg_train_1114.png,easy
ecg_train_1115.png,easy
ecg_train_1116.png,easy
ecg_train_1117.png,medium
ecg_train_1118.png,medium
ecg_train_1119.png,easy
ecg_train_1120.png,easy
ecg_train_1121.png,hard
ecg_train_1122.png,hard
ecg_train_1123.png,easy
ecg_train_1124.png,hard
ecg_train_1125.png,medium
ecg_train_1126.png,easy
ecg_train_1127.png,easy
ecg_train_1128.png,easy
ecg_train_1129.png,easy
ecg_train_1130.png,easy
ecg_train_1131.png,easy
ecg_train_1132.png,easy
ecg_train_1133.png,easy
ecg_train_1134.png,easy
ecg_train_1135.png,easy
ecg_train_1136.png,easy
ecg_train_1137.png,medium
ecg_train_1138.png,medium
ecg_train_1139.png,easy
ecg_train_1140.png,medium
ecg_train_1141.png,hard
ecg_train_1142.png,easy
ecg_train_1143.png,easy
ecg_train_1144.png,easy
ecg_train_1145.png,easy
ecg_train_1146.png,hard
ecg_train_1147.png,easy
ecg_train_1148.png,medium
ecg_train_1149.png,easy
ecg_train_1150.png,hard
ecg_train_1151.png,easy
ecg_train_1152.png,easy
ecg_train_1153.png,medium
ecg_train_1154.png,medium
ecg_train_1155.png,easy
ecg_train_1156.png,hard
ecg_train_1157.png,hard
ecg_train_1158.png,medium
ecg_train_1159.png,medium
ecg_train_1160.png,easy
ecg_train_1161.png,medium
ecg_train_1162.png,easy
ecg_train_1163.png,medium
ecg_train_1164.png,easy
ecg_train_1165.png,medium
ecg_train_1166.png,easy
ecg_train_1167.png,easy
ecg_train_1168.png,easy
ecg_train_1169.png,easy
ecg_train_1170.png,hard
ecg_train_1171.png,medium
ecg_train_1172.png,easy
ecg_train_1173.png,easy
ecg_train_1174.png,easy
ecg_train_1175.png,easy
ecg_train_1176.png,medium
ecg_train_1177.png,easy
ecg_train_1178.png,medium
ecg_train_1179.png,easy
ecg_train_1180.png,easy
ecg_train_1181.png,easy
ecg_train_1182.png,easy
ecg_train_1183.png,easy
ecg_train_1184.png,easy
ecg_train_1185.png,easy
ecg_train_1186.png,easy
ecg_train_1187.png,medium
ecg_train_1188.png,medium
ecg_train_1189.png,easy
ecg_train_1190.png,easy
ecg_train_1191.png,easy
ecg_train_1192.png,medium
ecg_train_1193.png,hard
ecg_train_1194.png,medium
ecg_train_1195.png,hard
ecg_train_1196.png,easy
ecg_train_1197.png,hard
ecg_train_1198.png,hard
ecg_train_1199.png,easy
ecg_train_1200.png,easy
ecg_train_1201.png,medium
ecg_train_1202.png,easy
ecg_train_1203.png,easy
ecg_train_1204.png,easy
ecg_train_1205.png,easy
ecg_train_1206.png,easy
ecg_train_1207.png,easy
ecg_train_1208.png,medium
ecg_train_1209.png,medium
ecg_train_1210.png,easy
ecg_train_1211.png,easy
ecg_train_1212.png,easy
ecg_train_1213.png,easy
ecg_train_1214.png,medium
ecg_train_1215.png,medium
ecg_train_1216.png,hard
ecg_train_1217.png,hard
ecg_train_1218.png,hard
ecg_train_1219.png,hard
ecg_train_1220.png,medium
ecg_train_1221.png,easy
ecg_train_1222.png,medium
ecg_train_1223.png,medium
ecg_train_1224.png,medium
ecg_train_1225.png,easy
ecg_train_1226.png,easy
ecg_train_1227.png,medium
ecg_train_1228.png,easy
ecg_train_1229.png,easy
ecg_train_1230.png,medium
ecg_train_1231.png,easy
ecg_train_1232.png,easy
ecg_train_1233.png,medium
ecg_train_1234.png,medium
ecg_train_1235.png,medium
ecg_train_1236.png,medium
ecg_train_1237.png,easy
ecg_train_1238.png,easy
ecg_train_1239.png,medium
ecg_train_1240.png,easy
ecg_train_1241.png,medium
ecg_train_1242.png,easy
ecg_train_1243.png,hard
ecg_train_1244.png,medium
ecg_train_1245.png,easy
ecg_train_1246.png,easy
ecg_train_1247.png,medium
ecg_train_1248.png,medium
ecg_train_1249.png,easy
ecg_train_1250.png,hard
ecg_train_1251.png,easy
ecg_train_1252.png,medium
ecg_train_1253.png,easy
ecg_train_1254.png,easy
ecg_train_1255.png,hard
ecg_train_1256.png,medium
ecg_train_1257.png,easy
ecg_train_1258.png,easy
ecg_train_1259.png,easy
ecg_train_1260.png,easy
ecg_train_1261.png,easy
ecg_train_1262.png,easy
ecg_train_1263.png,hard
ecg_train_1264.png,medium
ecg_train_1265.png,easy
ecg_train_1266.png,medium
ecg_train_1267.png,easy
ecg_train_1268.png,easy
ecg_train_1269.png,easy
ecg_train_1270.png,easy
ecg_train_1271.png,easy
ecg_train_1272.png,easy
ecg_train_1273.png,medium
ecg_train_1274.png,medium
ecg_train_1275.png,medium
ecg_train_1276.png,medium
ecg_train_1277.png,medium
ecg_train_1278.png,easy
ecg_train_1279.png,medium
ecg_train_1280.png,medium
ecg_train_1281.png,medium
ecg_train_1282.png,medium
ecg_train_1283.png,easy
ecg_train_1284.png,easy
ecg_train_1285.png,easy
ecg_train_1286.png,medium
ecg_train_1287.png,easy
ecg_train_1288.png,medium
ecg_train_1289.png,easy
ecg_train_1290.png,easy
ecg_train_1291.png,medium
ecg_train_1292.png,medium
ecg_train_1293.png,easy
ecg_train_1294.png,easy
ecg_train_1295.png,medium
ecg_train_1296.png,easy
ecg_train_1297.png,easy
ecg_train_1298.png,easy
ecg_train_1299.png,medium
ecg_train_1300.png,easy
ecg_train_1301.png,medium
ecg_train_1302.png,easy
ecg_train_1303.png,easy
ecg_train_1304.png,medium
ecg_train_1305.png,easy
ecg_train_1306.png,easy
ecg_train_1307.png,medium
ecg_train_1308.png,easy
ecg_train_1309.png,medium
ecg_train_1310.png,easy
ecg_train_1311.png,hard
ecg_train_1312.png,medium
ecg_train_1313.png,easy
ecg_train_1314.png,medium
ecg_train_1315.png,medium
ecg_train_1316.png,easy
ecg_train_1317.png,easy
ecg_train_1318.png,easy
ecg_train_1319.png,medium
ecg_train_1320.png,easy
ecg_train_1321.png,medium
ecg_train_1322.png,easy
ecg_train_1323.png,easy
ecg_train_1324.png,easy
ecg_train_1325.png,medium
ecg_train_1326.png,medium
ecg_train_1327.png,easy
ecg_train_1328.png,easy
ecg_train_1329.png,medium
ecg_train_1330.png,medium
ecg_train_1331.png,easy
ecg_train_1332.png,easy
ecg_train_1333.png,medium
ecg_train_1334.png,easy
ecg_train_1335.png,easy
ecg_train_1336.png,easy
ecg_train_1337.png,hard
ecg_train_1338.png,easy
ecg_train_1339.png,hard
ecg_train_1340.png,easy
ecg_train_1341.png,easy
ecg_train_1342.png,hard
ecg_train_1343.png,medium
ecg_train_1344.png,medium
ecg_train_1345.png,easy
ecg_train_1346.png,easy
ecg_train_1347.png,easy
ecg_train_1348.png,easy
ecg_train_1349.png,medium
ecg_train_1350.png,easy
ecg_train_1351.png,easy
ecg_train_1352.png,medium
ecg_train_1353.png,easy
ecg_train_1354.png,easy
ecg_train_1355.png,easy
ecg_train_1356.png,medium
ecg_train_1357.png,medium
ecg_train_1358.png,easy
ecg_train_1359.png,easy
ecg_train_1360.png,medium
ecg_train_1361.png,medium
ecg_train_1362.png,easy
ecg_train_1363.png,medium
ecg_train_1364.png,easy
ecg_train_1365.png,easy
ecg_train_1366.png,hard
ecg_train_1367.png,easy
ecg_train_1368.png,easy
ecg_train_1369.png,easy
ecg_train_1370.png,hard
ecg_train_1371.png,medium
ecg_train_1372.png,easy
ecg_train_1373.png,medium
ecg_train_1374.png,easy
ecg_train_1375.png,easy
ecg_train_1376.png,hard
ecg_train_1377.png,hard
ecg_train_1378.png,medium
ecg_train_1379.png,easy
ecg_train_1380.png,easy
ecg_train_1381.png,easy
ecg_train_1382.png,medium
ecg_train_1383.png,easy
ecg_train_1384.png,easy
ecg_train_1385.png,medium
ecg_train_1386.png,easy
ecg_train_1387.png,medium
ecg_train_1388.png,medium
ecg_train_1389.png,easy
ecg_train_1390.png,easy
ecg_train_1391.png,medium
ecg_train_1392.png,hard
ecg_train_1393.png,easy
ecg_train_1394.png,medium
ecg_train_1395.png,easy
ecg_train_1396.png,easy
ecg_train_1397.png,medium
ecg_train_1398.png,hard
ecg_train_1399.png,medium
ecg_train_1400.png,easy
ecg_train_1401.png,easy
ecg_train_1402.png,easy
ecg_train_1403.png,medium
ecg_train_1404.png,easy
ecg_train_1405.png,medium
ecg_train_1406.png,hard
ecg_train_1407.png,easy
ecg_train_1408.png,medium
ecg_train_1409.png,easy
ecg_train_1410.png,hard
ecg_train_1411.png,medium
ecg_train_1412.png,easy
ecg_train_1413.png,easy
ecg_train_1414.png,easy
ecg_train_1415.png,easy
ecg_train_1416.png,easy
ecg_train_1417.png,easy
ecg_train_1418.png,easy
ecg_train_1419.png,easy
ecg_train_1420.png,medium
ecg_train_1421.png,easy
ecg_train_1422.png,easy
ecg_train_1423.png,medium
ecg_train_1424.png,easy
ecg_train_1425.png,easy
ecg_train_1426.png,easy
ecg_train_1427.png,easy
ecg_train_1428.png,easy
ecg_train_1429.png,hard
ecg_train_1430.png,easy
ecg_train_1431.png,easy
ecg_train_1432.png,medium
ecg_train_1433.png,easy
ecg_train_1434.png,easy
ecg_train_1435.png,medium
ecg_train_1436.png,medium
ecg_train_1437.png,medium
ecg_train_1438.png,easy
ecg_train_1439.png,easy
ecg_train_1440.png,hard
ecg_train_1441.png,easy
ecg_train_1442.png,easy
ecg_train_1443.png,easy
ecg_train_1444.png,hard
ecg_train_1445.png,medium
ecg_train_1446.png,easy
ecg_train_1447.png,medium
ecg_train_1448.png,easy
ecg_train_1449.png,easy
ecg_train_1450.png,medium
ecg_train_1451.png,medium
ecg_train_1452.png,medium
ecg_train_1453.png,easy
ecg_train_1454.png,easy
ecg_train_1455.png,medium
ecg_train_1456.png,medium
ecg_train_1457.png,easy
ecg_train_1458.png,medium
ecg_train_1459.png,medium
ecg_train_1460.png,easy
ecg_train_1461.png,medium
ecg_train_1462.png,easy
ecg_train_1463.png,easy
ecg_train_1464.png,easy
ecg_train_1465.png,medium
ecg_train_1466.png,easy
ecg_train_1467.png,medium
ecg_train_1468.png,medium
ecg_train_1469.png,easy
ecg_train_1470.png,medium
ecg_train_1471.png,easy
ecg_train_1472.png,easy
ecg_train_1473.png,medium
ecg_train_1474.png,medium
ecg_train_1475.png,medium
ecg_train_1476.png,medium
ecg_train_1477.png,medium
ecg_train_1478.png,easy
ecg_train_1479.png,easy
ecg_train_1480.png,easy
ecg_train_1481.png,easy
ecg_train_1482.png,medium
ecg_train_1483.png,easy
ecg_train_1484.png,medium
ecg_train_1485.png,easy
ecg_train_1486.png,easy
ecg_train_1487.png,easy
ecg_train_1488.png,easy
ecg_train_1489.png,easy
ecg_train_1490.png,easy
ecg_train_1491.png,easy
ecg_train_1492.png,easy
ecg_train_1493.png,medium
ecg_train_1494.png,medium
ecg_train_1495.png,medium
ecg_train_1496.png,easy
ecg_train_1497.png,medium
ecg_train_1498.png,easy
ecg_train_1499.png,medium
ecg_train_1500.png,easy
ecg_train_1501.png,medium
ecg_train_1502.png,easy
ecg_train_1503.png,easy
ecg_train_1504.png,easy
ecg_train_1505.png,easy
ecg_train_1506.png,easy
ecg_train_1507.png,easy
ecg_train_1508.png,medium
ecg_train_1509.png,easy
ecg_train_1510.png,hard
ecg_train_1511.png,easy
ecg_train_1512.png,easy
ecg_train_1513.png,easy
ecg_train_1514.png,easy
ecg_train_1515.png,medium
ecg_train_1516.png,easy
ecg_train_1517.png,medium
ecg_train_1518.png,easy
ecg_train_1519.png,medium
ecg_train_1520.png,medium
ecg_train_1521.png,easy
ecg_train_1522.png,hard
ecg_train_1523.png,easy
ecg_train_1524.png,easy
ecg_train_1525.png,easy
ecg_train_1526.png,medium
ecg_train_1527.png,medium
ecg_train_1528.png,medium
ecg_train_1529.png,medium
ecg_train_1530.png,easy
ecg_train_1531.png,medium
ecg_train_1532.png,medium
ecg_train_1533.png,easy
ecg_train_1534.png,easy
ecg_train_1535.png,medium
ecg_train_1536.png,hard
ecg_train_1537.png,medium
ecg_train_1538.png,easy
ecg_train_1539.png,medium
ecg_train_1540.png,hard
ecg_train_1541.png,medium
ecg_train_1542.png,hard
ecg_train_1543.png,easy
ecg_train_1544.png,easy
ecg_train_1545.png,easy
ecg_train_1546.png,easy
ecg_train_1547.png,easy
ecg_train_1548.png,medium
ecg_train_1549.png,hard
ecg_train_1550.png,easy
ecg_train_1551.png,hard
ecg_train_1552.png,easy
ecg_train_1553.png,easy
ecg_train_1554.png,easy
ecg_train_1555.png,easy
ecg_train_1556.png,easy
ecg_train_1557.png,easy
ecg_train_1558.png,medium
ecg_train_1559.png,hard
ecg_train_1560.png,easy
ecg_train_1561.png,easy
ecg_train_1562.png,easy
ecg_train_1563.png,easy
ecg_train_1564.png,hard
ecg_train_1565.png,medium
ecg_train_1566.png,easy
ecg_train_1567.png,easy
ecg_train_1568.png,easy
ecg_train_1569.png,medium
ecg_train_1570.png,medium
ecg_train_1571.png,easy
ecg_train_1572.png,easy
ecg_train_1573.png,easy
ecg_train_1574.png,medium
ecg_train_1575.png,easy
ecg_train_1576.png,medium
ecg_train_1577.png,easy
ecg_train_1578.png,hard
ecg_train_1579.png,easy
ecg_train_1580.png,easy
ecg_train_1581.png,medium
ecg_train_1582.png,medium
ecg_train_1583.png,medium
ecg_train_1584.png,easy
ecg_train_1585.png,easy
ecg_train_1586.png,hard
ecg_train_1587.png,medium
ecg_train_1588.png,easy
ecg_train_1589.png,hard
ecg_train_1590.png,easy
ecg_train_1591.png,medium
ecg_train_1592.png,easy
ecg_train_1593.png,hard
ecg_train_1594.png,medium
ecg_train_1595.png,easy
ecg_train_1596.png,medium
ecg_train_1597.png,easy
ecg_train_1598.png,medium
ecg_train_1599.png,medium
ecg_train_1600.png,easy
ecg_train_1601.png,easy
ecg_train_1602.png,easy
ecg_train_1603.png,medium
ecg_train_1604.png,easy
ecg_train_1605.png,easy
ecg_train_1606.png,hard
ecg_train_1607.png,medium
ecg_train_1608.png,easy
ecg_train_1609.png,easy
ecg_train_1610.png,medium
ecg_train_1611.png,medium
ecg_train_1612.png,easy
ecg_train_1613.png,easy
ecg_train_1614.png,easy
ecg_train_1615.png,medium
ecg_train_1616.png,easy
ecg_train_1617.png,easy
ecg_train_1618.png,medium
ecg_train_1619.png,medium
ecg_train_1620.png,easy
ecg_train_1621.png,medium
ecg_train_1622.png,easy
ecg_train_1623.png,medium
ecg_train_1624.png,medium
ecg_train_1625.png,medium
ecg_train_1626.png,easy
ecg_train_1627.png,easy
ecg_train_1628.png,medium
ecg_train_1629.png,medium
ecg_train_1630.png,medium
ecg_train_1631.png,hard
ecg_train_1632.png,easy
ecg_train_1633.png,easy
ecg_train_1634.png,easy
ecg_train_1635.png,easy
ecg_train_1636.png,easy
ecg_train_1637.png,easy
ecg_train_1638.png,medium
ecg_train_1639.png,medium
ecg_train_1640.png,medium
ecg_train_1641.png,easy
ecg_train_1642.png,easy
ecg_train_1643.png,medium
ecg_train_1644.png,medium
ecg_train_1645.png,medium
ecg_train_1646.png,easy
ecg_train_1647.png,easy
ecg_train_1648.png,easy
ecg_train_1649.png,hard
ecg_train_1650.png,easy
ecg_train_1651.png,easy
ecg_train_1652.png,easy
ecg_train_1653.png,easy
ecg_train_1654.png,easy
ecg_train_1655.png,medium
ecg_train_1656.png,easy
ecg_train_1657.png,easy
ecg_train_1658.png,medium
ecg_train_1659.png,easy
ecg_train_1660.png,easy
ecg_train_1661.png,easy
ecg_train_1662.png,easy
ecg_train_1663.png,medium
ecg_train_1664.png,hard
ecg_train_1665.png,medium
ecg_train_1666.png,medium
ecg_train_1667.png,easy
ecg_train_1668.png,medium
ecg_train_1669.png,easy
ecg_train_1670.png,medium
ecg_train_1671.png,easy
ecg_train_1672.png,easy
ecg_train_1673.png,easy
ecg_train_1674.png,medium
ecg_train_1675.png,easy
ecg_train_1676.png,medium
ecg_train_1677.png,easy
ecg_train_1678.png,medium
ecg_train_1679.png,easy
ecg_train_1680.png,easy
ecg_train_1681.png,easy
ecg_train_1682.png,hard
ecg_train_1683.png,easy
ecg_train_1684.png,easy
ecg_train_1685.png,easy
ecg_train_1686.png,easy
ecg_train_1687.png,easy
ecg_train_1688.png,easy
ecg_train_1689.png,medium
ecg_train_1690.png,medium
ecg_train_1691.png,easy
ecg_train_1692.png,medium
ecg_train_1693.png,medium
ecg_train_1694.png,medium
ecg_train_1695.png,easy
ecg_train_1696.png,medium
ecg_train_1697.png,easy
ecg_train_1698.png,easy
ecg_train_1699.png,easy
ecg_train_1700.png,easy
ecg_train_1701.png,medium
ecg_train_1702.png,easy
ecg_train_1703.png,easy
ecg_train_1704.png,medium
ecg_train_1705.png,easy
ecg_train_1706.png,easy
ecg_train_1707.png,easy
ecg_train_1708.png,medium
ecg_train_1709.png,easy
ecg_train_1710.png,easy
ecg_train_1711.png,medium
ecg_train_1712.png,hard
ecg_train_1713.png,easy
ecg_train_1714.png,hard
ecg_train_1715.png,easy
ecg_train_1716.png,medium
ecg_train_1717.png,easy
ecg_train_1718.png,hard
ecg_train_1719.png,easy
ecg_train_1720.png,medium
ecg_train_1721.png,easy
ecg_train_1722.png,easy
ecg_train_1723.png,easy
ecg_train_1724.png,medium
ecg_train_1725.png,easy
ecg_train_1726.png,easy
ecg_train_1727.png,easy
ecg_train_1728.png,medium
ecg_train_1729.png,easy
ecg_train_1730.png,hard
ecg_train_1731.png,medium
ecg_train_1732.png,easy
ecg_train_1733.png,easy
ecg_train_1734.png,easy
ecg_train_1735.png,hard
ecg_train_1736.png,easy
ecg_train_1737.png,hard
ecg_train_1738.png,easy
ecg_train_1739.png,medium
ecg_train_1740.png,hard
ecg_train_1741.png,medium
ecg_train_1742.png,medium
ecg_train_1743.png,medium
ecg_train_1744.png,medium
ecg_train_1745.png,easy
ecg_train_1746.png,medium
ecg_train_1747.png,medium
ecg_train_1748.png,easy
ecg_train_1749.png,easy
ecg_train_1750.png,hard
ecg_train_1751.png,easy
ecg_train_1752.png,medium
ecg_train_1753.png,medium
ecg_train_1754.png,easy
ecg_train_1755.png,easy
ecg_train_1756.png,hard
ecg_train_1757.png,hard
ecg_train_1758.png,hard
ecg_train_1759.png,medium
ecg_train_1760.png,easy
ecg_train_1761.png,hard
ecg_train_1762.png,medium
ecg_train_1763.png,easy
ecg_train_1764.png,easy
ecg_train_1765.png,easy
ecg_train_1766.png,easy
ecg_train_1767.png,medium
ecg_train_1768.png,easy
ecg_train_1769.png,medium
ecg_train_1770.png,easy
ecg_train_1771.png,easy
ecg_train_1772.png,easy
ecg_train_1773.png,easy
ecg_train_1774.png,easy
ecg_train_1775.png,medium
ecg_train_1776.png,medium
ecg_train_1777.png,easy
ecg_train_1778.png,easy
ecg_train_1779.png,medium
ecg_train_1780.png,easy
ecg_train_1781.png,medium
ecg_train_1782.png,easy
ecg_train_1783.png,easy
ecg_train_1784.png,medium
ecg_train_1785.png,easy
ecg_train_1786.png,medium
ecg_train_1787.png,easy
ecg_train_1788.png,hard
ecg_train_1789.png,easy
ecg_train_1790.png,medium
ecg_train_1791.png,easy
ecg_train_1792.png,easy
ecg_train_1793.png,easy
ecg_train_1794.png,easy
ecg_train_1795.png,easy
ecg_train_1796.png,easy
ecg_train_1797.png,medium
ecg_train_1798.png,easy
ecg_train_1799.png,easy
ecg_train_1800.png,easy
ecg_train_1801.png,medium
ecg_train_1802.png,easy
ecg_train_1803.png,easy
ecg_train_1804.png,easy
ecg_train_1805.png,easy
ecg_train_1806.png,medium
ecg_train_1807.png,easy
ecg_train_1808.png,easy
ecg_train_1809.png,easy
ecg_train_1810.png,easy
ecg_train_1811.png,easy
ecg_train_1812.png,easy
ecg_train_1813.png,easy
ecg_train_1814.png,easy
ecg_train_1815.png,hard
ecg_train_1816.png,easy
ecg_train_1817.png,easy
ecg_train_1818.png,easy
ecg_train_1819.png,easy
ecg_train_1820.png,easy
ecg_train_1821.png,easy
ecg_train_1822.png,easy
ecg_train_1823.png,medium
ecg_train_1824.png,easy
ecg_train_1825.png,medium
ecg_train_1826.png,easy
ecg_train_1827.png,easy
ecg_train_1828.png,easy
ecg_train_1829.png,easy
ecg_train_1830.png,easy
ecg_train_1831.png,easy
ecg_train_1832.png,easy
ecg_train_1833.png,hard
ecg_train_1834.png,easy
ecg_train_1835.png,hard
ecg_train_1836.png,medium
ecg_train_1837.png,easy
ecg_train_1838.png,easy
ecg_train_1839.png,hard
ecg_train_1840.png,medium
ecg_train_1841.png,easy
ecg_train_1842.png,easy
ecg_train_1843.png,medium
ecg_train_1844.png,easy
ecg_train_1845.png,easy
ecg_train_1846.png,hard
ecg_train_1847.png,easy
ecg_train_1848.png,hard
ecg_train_1849.png,easy
ecg_train_1850.png,medium
ecg_train_1851.png,hard
ecg_train_1852.png,medium
ecg_train_1853.png,easy
ecg_train_1854.png,easy
ecg_train_1855.png,easy
ecg_train_1856.png,medium
ecg_train_1857.png,easy
ecg_train_1858.png,medium
ecg_train_1859.png,easy
ecg_train_1860.png,easy
ecg_train_1861.png,easy
ecg_train_1862.png,easy
ecg_train_1863.png,medium
ecg_train_1864.png,medium
ecg_train_1865.png,medium
ecg_train_1866.png,easy
ecg_train_1867.png,medium
ecg_train_1868.png,easy
ecg_train_1869.png,hard
ecg_train_1870.png,easy
ecg_train_1871.png,easy
ecg_train_1872.png,medium
ecg_train_1873.png,easy
ecg_train_1874.png,easy
ecg_train_1875.png,easy
ecg_train_1876.png,easy
ecg_train_1877.png,medium
ecg_train_1878.png,easy
ecg_train_1879.png,easy
ecg_train_1880.png,medium
ecg_train_1881.png,easy
ecg_train_1882.png,easy
ecg_train_1883.png,easy
ecg_train_1884.png,easy
ecg_train_1885.png,easy
ecg_train_1886.png,medium
ecg_train_1887.png,easy
ecg_train_1888.png,medium
ecg_train_1889.png,easy
ecg_train_1890.png,medium
ecg_train_1891.png,easy
ecg_train_1892.png,medium
ecg_train_1893.png,easy
ecg_train_1894.png,medium
ecg_train_1895.png,medium
ecg_train_1896.png,medium
ecg_train_1897.png,medium
ecg_train_1898.png,easy
ecg_train_1899.png,medium
ecg_train_1900.png,easy
ecg_train_1901.png,medium
ecg_train_1902.png,hard
ecg_train_1903.png,medium
ecg_train_1904.png,medium
ecg_train_1905.png,easy
ecg_train_1906.png,easy
ecg_train_1907.png,easy
ecg_train_1908.png,easy
ecg_train_1909.png,medium
ecg_train_1910.png,easy
ecg_train_1911.png,easy
ecg_train_1912.png,easy
ecg_train_1913.png,medium
ecg_train_1914.png,medium
ecg_train_1915.png,easy
ecg_train_1916.png,easy
ecg_train_1917.png,medium
ecg_train_1918.png,medium
ecg_train_1919.png,medium
ecg_train_1920.png,hard
ecg_train_1921.png,easy
ecg_train_1922.png,easy
ecg_train_1923.png,easy
ecg_train_1924.png,easy
ecg_train_1925.png,easy
ecg_train_1926.png,easy
ecg_train_1927.png,easy
ecg_train_1928.png,medium
ecg_train_1929.png,medium
ecg_train_1930.png,medium
ecg_train_1931.png,medium
ecg_train_1932.png,medium
ecg_train_1933.png,medium
ecg_train_1934.png,medium
ecg_train_1935.png,medium
ecg_train_1936.png,medium
ecg_train_1937.png,medium
ecg_train_1938.png,medium
ecg_train_1939.png,medium
ecg_train_1940.png,medium
ecg_train_1941.png,easy
ecg_train_1942.png,easy
ecg_train_1943.png,easy
ecg_train_1944.png,medium
ecg_train_1945.png,medium
ecg_train_1946.png,medium
ecg_train_1947.png,easy
ecg_train_1948.png,easy
ecg_train_1949.png,easy
ecg_train_1950.png,easy
ecg_train_1951.png,easy
ecg_train_1952.png,medium
ecg_train_1953.png,easy
ecg_train_1954.png,easy
ecg_train_1955.png,easy
ecg_train_1956.png,easy
ecg_train_1957.png,easy
ecg_train_1958.png,easy
ecg_train_1959.png,medium
ecg_train_1960.png,easy
ecg_train_1961.png,easy
ecg_train_1962.png,medium
ecg_train_1963.png,easy
ecg_train_1964.png,hard
ecg_train_1965.png,easy
ecg_train_1966.png,easy
ecg_train_1967.png,easy
ecg_train_1968.png,medium
ecg_train_1969.png,easy
ecg_train_1970.png,easy
ecg_train_1971.png,hard
ecg_train_1972.png,medium
ecg_train_1973.png,easy
ecg_train_1974.png,easy
ecg_train_1975.png,medium
ecg_train_1976.png,easy
ecg_train_1977.png,medium
ecg_train_1978.png,easy
ecg_train_1979.png,medium
ecg_train_1980.png,easy
ecg_train_1981.png,medium
ecg_train_1982.png,easy
ecg_train_1983.png,medium
ecg_train_1984.png,medium
ecg_train_1985.png,medium
ecg_train_1986.png,hard
ecg_train_1987.png,easy
ecg_train_1988.png,medium
ecg_train_1989.png,easy
ecg_train_1990.png,easy
ecg_train_1991.png,easy
ecg_train_1992.png,medium
ecg_train_1993.png,easy
ecg_train_1994.png,easy
ecg_train_1995.png,easy
ecg_train_1996.png,easy
ecg_train_1997.png,medium
ecg_train_1998.png,easy
ecg_train_1999.png,easy
ecg_train_2000.png,easy
ecg_train_2001.png,easy
ecg_train_2002.png,easy
ecg_train_2003.png,easy
ecg_train_2004.png,medium
ecg_train_2005.png,medium
ecg_train_2006.png,medium
ecg_train_2007.png,easy
ecg_train_2008.png,easy
ecg_train_2009.png,easy
ecg_train_2010.png,medium
ecg_train_2011.png,medium
ecg_train_2012.png,medium
ecg_train_2013.png,medium
ecg_train_2014.png,hard
ecg_train_2015.png,medium
ecg_train_2016.png,medium
ecg_train_2017.png,medium
ecg_train_2018.png,medium
ecg_train_2019.png,easy
ecg_train_2020.png,medium
ecg_train_2021.png,easy
ecg_train_2022.png,easy
ecg_train_2023.png,easy
ecg_train_2024.png,easy
ecg_train_2025.png,easy
ecg_train_2026.png,easy
ecg_train_2027.png,medium
ecg_train_2028.png,medium
ecg_train_2029.png,easy
ecg_train_2030.png,easy
ecg_train_2031.png,medium
ecg_train_2032.png,medium
ecg_train_2033.png,medium
ecg_train_2034.png,medium
ecg_train_2035.png,medium
ecg_train_2036.png,medium
ecg_train_2037.png,easy
ecg_train_2038.png,easy
ecg_train_2039.png,easy
ecg_train_2040.png,hard
ecg_train_2041.png,easy
ecg_train_2042.png,medium
ecg_train_2043.png,easy
ecg_train_2044.png,hard
ecg_train_2045.png,easy
ecg_train_2046.png,easy
ecg_train_2047.png,easy
ecg_train_2048.png,easy
ecg_train_2049.png,medium
ecg_train_2050.png,easy
ecg_train_2051.png,medium
ecg_train_2052.png,easy
ecg_train_2053.png,easy
ecg_train_2054.png,easy
ecg_train_2055.png,easy
ecg_train_2056.png,easy
ecg_train_2057.png,easy
ecg_train_2058.png,easy
ecg_train_2059.png,medium
ecg_train_2060.png,medium
ecg_train_2061.png,medium
ecg_train_2062.png,easy
ecg_train_2063.png,easy
ecg_train_2064.png,easy
ecg_train_2065.png,easy
ecg_train_2066.png,medium
ecg_train_2067.png,easy
ecg_train_2068.png,hard
ecg_train_2069.png,medium
ecg_train_2070.png,easy
ecg_train_2071.png,easy
ecg_train_2072.png,easy
ecg_train_2073.png,medium
ecg_train_2074.png,medium
ecg_train_2075.png,medium
ecg_train_2076.png,medium
ecg_train_2077.png,easy
ecg_train_2078.png,easy
ecg_train_2079.png,medium
ecg_train_2080.png,medium
ecg_train_2081.png,easy
ecg_train_2082.png,easy
ecg_train_2083.png,easy
ecg_train_2084.png,easy
ecg_train_2085.png,easy
ecg_train_2086.png,easy
ecg_train_2087.png,hard
ecg_train_2088.png,easy
ecg_train_2089.png,easy
ecg_train_2090.png,medium
ecg_train_2091.png,easy
ecg_train_2092.png,easy
ecg_train_2093.png,medium
ecg_train_2094.png,easy
ecg_train_2095.png,easy
ecg_train_2096.png,medium
ecg_train_2097.png,medium
ecg_train_2098.png,medium
ecg_train_2099.png,medium
ecg_train_2100.png,medium
ecg_train_2101.png,medium
ecg_train_2102.png,medium
ecg_train_2103.png,medium
ecg_train_2104.png,medium
ecg_train_2105.png,medium
ecg_train_2106.png,medium
ecg_train_2107.png,easy
ecg_train_2108.png,easy
ecg_train_2109.png,medium
ecg_train_2110.png,medium
ecg_train_2111.png,easy
ecg_train_2112.png,medium
ecg_train_2113.png,easy
ecg_train_2114.png,easy
ecg_train_2115.png,medium
ecg_train_2116.png,medium
ecg_train_2117.png,easy
ecg_train_2118.png,medium
ecg_train_2119.png,medium
ecg_train_2120.png,easy
ecg_train_2121.png,medium
ecg_train_2122.png,medium
ecg_train_2123.png,medium
ecg_train_2124.png,easy
ecg_train_2125.png,easy
ecg_train_2126.png,easy
ecg_train_2127.png,medium
ecg_train_2128.png,hard
ecg_train_2129.png,medium
ecg_train_2130.png,medium
ecg_train_2131.png,easy
ecg_train_2132.png,medium
ecg_train_2133.png,easy
ecg_train_2134.png,medium
ecg_train_2135.png,easy
ecg_train_2136.png,medium
ecg_train_2137.png,easy
ecg_train_2138.png,easy
ecg_train_2139.png,easy
ecg_train_2140.png,easy
ecg_train_2141.png,medium
ecg_train_2142.png,easy
ecg_train_2143.png,easy
ecg_train_2144.png,medium
ecg_train_2145.png,easy
ecg_train_2146.png,medium
ecg_train_2147.png,medium
ecg_train_2148.png,medium
ecg_train_2149.png,medium
ecg_train_2150.png,easy
ecg_train_2151.png,easy
ecg_train_2152.png,medium
ecg_train_2153.png,medium
ecg_train_2154.png,medium
ecg_train_2155.png,easy
ecg_train_2156.png,medium
ecg_train_2157.png,easy
ecg_train_2158.png,easy
ecg_train_2159.png,medium
ecg_train_2160.png,medium
ecg_train_2161.png,hard
ecg_train_2162.png,easy
ecg_train_2163.png,easy
ecg_train_2164.png,easy
ecg_train_2165.png,medium
ecg_train_2166.png,easy
ecg_train_2167.png,hard
ecg_train_2168.png,easy
ecg_train_2169.png,easy
ecg_train_2170.png,medium
ecg_train_2171.png,easy
ecg_train_2172.png,easy
ecg_train_2173.png,easy
ecg_train_2174.png,medium
ecg_train_2175.png,medium
ecg_train_2176.png,medium
ecg_train_2177.png,easy
ecg_train_2178.png,medium
ecg_train_2179.png,easy
ecg_train_2180.png,easy
ecg_train_2181.png,medium
ecg_train_2182.png,medium
ecg_train_2183.png,medium
ecg_train_2184.png,easy
ecg_train_2185.png,easy
ecg_train_2186.png,easy
ecg_train_2187.png,easy
ecg_train_2188.png,easy
ecg_train_2189.png,easy
ecg_train_2190.png,easy
ecg_train_2191.png,easy
ecg_train_2192.png,medium
ecg_train_2193.png,easy
ecg_train_2194.png,medium
ecg_train_2195.png,easy
ecg_train_2196.png,easy
ecg_train_2197.png,easy
ecg_train_2198.png,medium
ecg_train_2199.png,easy
ecg_train_2200.png,medium
ecg_train_2201.png,medium
ecg_train_2202.png,easy
ecg_train_2203.png,hard
ecg_train_2204.png,easy
ecg_train_2205.png,medium
ecg_train_2206.png,hard
ecg_train_2207.png,easy
ecg_train_2208.png,easy
ecg_train_2209.png,easy
ecg_train_2210.png,easy
ecg_train_2211.png,medium
ecg_train_2212.png,medium
ecg_train_2213.png,medium
ecg_train_2214.png,medium
ecg_train_2215.png,easy
ecg_train_2216.png,hard
ecg_train_2217.png,hard
ecg_train_2218.png,easy
ecg_train_2219.png,easy
ecg_train_2220.png,medium
ecg_train_2221.png,medium
ecg_train_2222.png,easy
ecg_train_2223.png,easy
ecg_train_2224.png,medium
ecg_train_2225.png,easy
ecg_train_2226.png,easy
ecg_train_2227.png,easy
ecg_train_2228.png,easy
ecg_train_2229.png,easy
ecg_train_2230.png,easy
ecg_train_2231.png,easy
ecg_train_2232.png,medium
ecg_train_2233.png,medium
ecg_train_2234.png,medium
ecg_train_2235.png,easy
ecg_train_2236.png,easy
ecg_train_2237.png,easy
ecg_train_2238.png,easy
ecg_train_2239.png,easy
ecg_train_2240.png,easy
ecg_train_2241.png,easy
ecg_train_2242.png,easy
ecg_train_2243.png,easy
ecg_train_2244.png,easy
ecg_train_2245.png,easy
ecg_train_2246.png,easy
ecg_train_2247.png,medium
ecg_train_2248.png,easy
ecg_train_2249.png,medium
ecg_train_2250.png,easy
ecg_train_2251.png,easy
ecg_train_2252.png,easy
ecg_train_2253.png,medium
ecg_train_2254.png,easy
ecg_train_2255.png,easy
ecg_train_2256.png,medium
ecg_train_2257.png,medium
ecg_train_2258.png,easy
ecg_train_2259.png,easy
ecg_train_2260.png,easy
ecg_train_2261.png,medium
ecg_train_2262.png,easy
ecg_train_2263.png,easy
ecg_train_2264.png,easy
ecg_train_2265.png,easy
ecg_train_2266.png,medium
ecg_train_2267.png,easy
ecg_train_2268.png,easy
ecg_train_2269.png,hard
ecg_train_2270.png,medium
ecg_train_2271.png,hard
ecg_train_2272.png,medium
ecg_train_2273.png,easy
ecg_train_2274.png,easy
ecg_train_2275.png,easy
ecg_train_2276.png,medium
ecg_train_2277.png,easy
ecg_train_2278.png,easy
ecg_train_2279.png,medium
ecg_train_2280.png,easy
ecg_train_2281.png,easy
ecg_train_2282.png,easy
ecg_train_2283.png,medium
ecg_train_2284.png,easy
ecg_train_2285.png,easy
ecg_train_2286.png,medium
ecg_train_2287.png,easy
ecg_train_2288.png,medium
ecg_train_2289.png,easy
ecg_train_2290.png,easy
ecg_train_2291.png,easy
ecg_train_2292.png,medium
ecg_train_2293.png,easy
ecg_train_2294.png,easy
ecg_train_2295.png,medium
ecg_train_2296.png,easy
ecg_train_2297.png,medium
ecg_train_2298.png,medium
ecg_train_2299.png,easy
ecg_train_2300.png,easy
ecg_train_2301.png,medium
ecg_train_2302.png,easy
ecg_train_2303.png,easy
ecg_train_2304.png,medium
ecg_train_2305.png,medium
ecg_train_2306.png,hard
ecg_train_2307.png,easy
ecg_train_2308.png,easy
ecg_train_2309.png,easy
ecg_train_2310.png,hard
ecg_train_2311.png,easy
ecg_train_2312.png,hard
ecg_train_2313.png,easy
ecg_train_2314.png,easy
ecg_train_2315.png,easy
ecg_train_2316.png,easy
ecg_train_2317.png,easy
ecg_train_2318.png,medium
ecg_train_2319.png,easy
ecg_train_2320.png,easy
ecg_train_2321.png,easy
ecg_train_2322.png,medium
ecg_train_2323.png,medium
ecg_train_2324.png,easy
ecg_train_2325.png,easy
ecg_train_2326.png,medium
ecg_train_2327.png,easy
ecg_train_2328.png,easy
ecg_train_2329.png,easy
ecg_train_2330.png,easy
ecg_train_2331.png,medium
ecg_train_2332.png,easy
ecg_train_2333.png,easy
ecg_train_2334.png,hard
ecg_train_2335.png,easy
ecg_train_2336.png,easy
ecg_train_2337.png,easy
ecg_train_2338.png,easy
ecg_train_2339.png,medium
ecg_train_2340.png,easy
ecg_train_2341.png,hard
ecg_train_2342.png,easy
ecg_train_2343.png,medium
ecg_train_2344.png,medium
ecg_train_2345.png,easy
ecg_train_2346.png,medium
ecg_train_2347.png,medium
ecg_train_2348.png,medium
ecg_train_2349.png,medium
ecg_train_2350.png,easy
ecg_train_2351.png,easy
ecg_train_2352.png,easy
ecg_train_2353.png,easy
ecg_train_2354.png,medium
ecg_train_2355.png,easy
ecg_train_2356.png,medium
ecg_train_2357.png,easy
ecg_train_2358.png,medium
ecg_train_2359.png,medium
ecg_train_2360.png,easy
ecg_train_2361.png,easy
ecg_train_2362.png,easy
ecg_train_2363.png,easy
ecg_train_2364.png,medium
ecg_train_2365.png,easy
ecg_train_2366.png,easy
ecg_train_2367.png,easy
ecg_train_2368.png,easy
ecg_train_2369.png,easy
ecg_train_2370.png,medium
ecg_train_2371.png,medium
ecg_train_2372.png,easy
ecg_train_2373.png,medium
ecg_train_2374.png,medium
ecg_train_2375.png,easy
ecg_train_2376.png,easy
ecg_train_2377.png,easy
ecg_train_2378.png,easy
ecg_train_2379.png,medium
ecg_train_2380.png,hard
ecg_train_2381.png,hard
ecg_train_2382.png,easy
ecg_train_2383.png,easy
ecg_train_2384.png,easy
ecg_train_2385.png,easy
ecg_train_2386.png,medium
ecg_train_2387.png,easy
ecg_train_2388.png,easy
ecg_train_2389.png,easy
ecg_train_2390.png,easy
ecg_train_2391.png,easy
ecg_train_2392.png,hard
ecg_train_2393.png,medium
ecg_train_2394.png,medium
ecg_train_2395.png,medium
ecg_train_2396.png,easy
ecg_train_2397.png,easy
ecg_train_2398.png,easy
ecg_train_2399.png,easy
ecg_train_2400.png,easy
ecg_train_2401.png,easy
ecg_train_2402.png,easy
ecg_train_2403.png,easy
ecg_train_2404.png,medium
ecg_train_2405.png,medium
ecg_train_2406.png,hard
ecg_train_2407.png,easy
ecg_train_2408.png,hard
ecg_train_2409.png,easy
ecg_train_2410.png,easy
ecg_train_2411.png,easy
ecg_train_2412.png,easy
ecg_train_2413.png,easy
ecg_train_2414.png,easy
ecg_train_2415.png,easy
ecg_train_2416.png,medium
ecg_train_2417.png,medium
ecg_train_2418.png,medium
ecg_train_2419.png,medium
ecg_train_2420.png,medium
ecg_train_2421.png,easy
ecg_train_2422.png,medium
ecg_train_2423.png,easy
ecg_train_2424.png,easy
ecg_train_2425.png,easy
ecg_train_2426.png,easy
ecg_train_2427.png,easy
ecg_train_2428.png,easy
ecg_train_2429.png,medium
ecg_train_2430.png,easy
ecg_train_2431.png,medium
ecg_train_2432.png,medium
ecg_train_2433.png,easy
ecg_train_2434.png,easy
ecg_train_2435.png,medium
ecg_train_2436.png,hard
ecg_train_2437.png,easy
ecg_train_2438.png,medium
ecg_train_2439.png,medium
ecg_train_2440.png,hard
ecg_train_2441.png,easy
ecg_train_2442.png,easy
ecg_train_2443.png,easy
ecg_train_2444.png,medium
ecg_train_2445.png,easy
ecg_train_2446.png,easy
ecg_train_2447.png,medium
ecg_train_2448.png,medium
ecg_train_2449.png,easy
ecg_train_2450.png,easy
ecg_train_2451.png,medium
ecg_train_2452.png,easy
ecg_train_2453.png,easy
ecg_train_2454.png,medium
ecg_train_2455.png,easy
ecg_train_2456.png,easy
ecg_train_2457.png,easy
ecg_train_2458.png,easy
ecg_train_2459.png,easy
ecg_train_2460.png,easy
ecg_train_2461.png,easy
ecg_train_2462.png,easy
ecg_train_2463.png,easy
ecg_train_2464.png,easy
ecg_train_2465.png,easy
ecg_train_2466.png,easy
ecg_train_2467.png,easy
ecg_train_2468.png,easy
ecg_train_2469.png,medium
ecg_train_2470.png,medium
ecg_train_2471.png,medium
ecg_train_2472.png,medium
ecg_train_2473.png,easy
ecg_train_2474.png,easy
ecg_train_2475.png,easy
ecg_train_2476.png,medium
ecg_train_2477.png,medium
ecg_train_2478.png,hard
ecg_train_2479.png,medium
ecg_train_2480.png,medium
ecg_train_2481.png,easy
ecg_train_2482.png,easy
ecg_train_2483.png,easy
ecg_train_2484.png,hard
ecg_train_2485.png,easy
ecg_train_2486.png,medium
ecg_train_2487.png,easy
ecg_train_2488.png,medium
ecg_train_2489.png,easy
ecg_train_2490.png,medium
ecg_train_2491.png,easy
ecg_train_2492.png,easy
ecg_train_2493.png,easy
ecg_train_2494.png,hard
ecg_train_2495.png,easy
ecg_train_2496.png,medium
ecg_train_2497.png,easy
ecg_train_2498.png,hard
ecg_train_2499.png,easy
ecg_train_2500.png,hard
ecg_train_2501.png,medium
ecg_train_2502.png,easy
ecg_train_2503.png,easy
ecg_train_2504.png,medium
ecg_train_2505.png,easy
ecg_train_2506.png,easy
ecg_train_2507.png,medium
ecg_train_2508.png,easy
ecg_train_2509.png,easy
ecg_train_2510.png,easy
ecg_train_2511.png,hard
ecg_train_2512.png,medium
ecg_train_2513.png,easy
ecg_train_2514.png,medium
ecg_train_2515.png,hard
ecg_train_2516.png,easy
ecg_train_2517.png,easy
ecg_train_2518.png,easy
ecg_train_2519.png,medium
ecg_train_2520.png,medium
ecg_train_2521.png,easy
ecg_train_2522.png,easy
ecg_train_2523.png,easy
ecg_train_2524.png,easy
ecg_train_2525.png,medium
ecg_train_2526.png,easy
ecg_train_2527.png,easy
ecg_train_2528.png,medium
ecg_train_2529.png,easy
ecg_train_2530.png,easy
ecg_train_2531.png,easy
ecg_train_2532.png,medium
ecg_train_2533.png,medium
ecg_train_2534.png,medium
ecg_train_2535.png,medium
ecg_train_2536.png,easy
ecg_train_2537.png,medium
ecg_train_2538.png,medium
ecg_train_2539.png,easy
ecg_train_2540.png,easy
ecg_train_2541.png,hard
ecg_train_2542.png,easy
ecg_train_2543.png,easy
ecg_train_2544.png,easy
ecg_train_2545.png,easy
ecg_train_2546.png,easy
ecg_train_2547.png,medium
ecg_train_2548.png,easy
ecg_train_2549.png,hard
ecg_train_2550.png,hard
ecg_train_2551.png,easy
ecg_train_2552.png,easy
ecg_train_2553.png,hard
ecg_train_2554.png,easy
ecg_train_2555.png,hard
ecg_train_2556.png,easy
ecg_train_2557.png,easy
ecg_train_2558.png,medium
ecg_train_2559.png,easy
ecg_train_2560.png,easy
ecg_train_2561.png,easy
ecg_train_2562.png,easy
ecg_train_2563.png,medium
ecg_train_2564.png,easy
ecg_train_2565.png,easy
ecg_train_2566.png,easy
ecg_train_2567.png,medium
ecg_train_2568.png,easy
ecg_train_2569.png,easy
ecg_train_2570.png,easy
ecg_train_2571.png,easy
ecg_train_2572.png,medium
ecg_train_2573.png,medium
ecg_train_2574.png,hard
ecg_train_2575.png,easy
ecg_train_2576.png,easy
ecg_train_2577.png,easy
ecg_train_2578.png,medium
ecg_train_2579.png,easy
ecg_train_2580.png,easy
ecg_train_2581.png,medium
ecg_train_2582.png,easy
ecg_train_2583.png,easy
ecg_train_2584.png,easy
ecg_train_2585.png,medium
ecg_train_2586.png,easy
ecg_train_2587.png,medium
ecg_train_2588.png,medium
ecg_train_2589.png,easy
ecg_train_2590.png,easy
ecg_train_2591.png,hard
ecg_train_2592.png,easy
ecg_train_2593.png,easy
ecg_train_2594.png,medium
ecg_train_2595.png,easy
ecg_train_2596.png,easy
ecg_train_2597.png,easy
ecg_train_2598.png,easy
ecg_train_2599.png,easy
ecg_train_2600.png,medium
ecg_train_2601.png,easy
ecg_train_2602.png,easy
ecg_train_2603.png,hard
ecg_train_2604.png,medium
ecg_train_2605.png,easy
ecg_train_2606.png,easy
ecg_train_2607.png,medium
ecg_train_2608.png,hard
ecg_train_2609.png,easy
ecg_train_2610.png,easy
ecg_train_2611.png,easy
ecg_train_2612.png,medium
ecg_train_2613.png,medium
ecg_train_2614.png,medium
ecg_train_2615.png,medium
ecg_train_2616.png,medium
ecg_train_2617.png,medium
ecg_train_2618.png,easy
ecg_train_2619.png,easy
ecg_train_2620.png,easy
ecg_train_2621.png,medium
ecg_train_2622.png,easy
ecg_train_2623.png,hard
ecg_train_2624.png,easy
ecg_train_2625.png,easy
ecg_train_2626.png,medium
ecg_train_2627.png,medium
ecg_train_2628.png,medium
ecg_train_2629.png,medium
ecg_train_2630.png,medium
ecg_train_2631.png,easy
ecg_train_2632.png,medium
ecg_train_2633.png,hard
ecg_train_2634.png,hard
ecg_train_2635.png,medium
ecg_train_2636.png,easy
ecg_train_2637.png,easy
ecg_train_2638.png,easy
ecg_train_2639.png,medium
ecg_train_2640.png,easy
ecg_train_2641.png,easy
ecg_train_2642.png,easy
ecg_train_2643.png,easy
ecg_train_2644.png,easy
ecg_train_2645.png,easy
ecg_train_2646.png,medium
ecg_train_2647.png,medium
ecg_train_2648.png,easy
ecg_train_2649.png,easy
ecg_train_2650.png,easy
ecg_train_2651.png,easy
ecg_train_2652.png,medium
ecg_train_2653.png,hard
ecg_train_2654.png,medium
ecg_train_2655.png,easy
ecg_train_2656.png,easy
ecg_train_2657.png,easy
ecg_train_2658.png,medium
ecg_train_2659.png,hard
ecg_train_2660.png,easy
ecg_train_2661.png,medium
ecg_train_2662.png,medium
ecg_train_2663.png,medium
ecg_train_2664.png,medium
ecg_train_2665.png,medium
ecg_train_2666.png,medium
ecg_train_2667.png,easy
ecg_train_2668.png,easy
ecg_train_2669.png,easy
ecg_train_2670.png,medium
ecg_train_2671.png,medium
ecg_train_2672.png,easy
ecg_train_2673.png,easy
ecg_train_2674.png,medium
ecg_train_2675.png,easy
ecg_train_2676.png,hard
ecg_train_2677.png,medium
ecg_train_2678.png,easy
ecg_train_2679.png,medium
ecg_train_2680.png,easy
ecg_train_2681.png,hard
ecg_train_2682.png,easy
ecg_train_2683.png,medium
ecg_train_2684.png,easy
ecg_train_2685.png,medium
ecg_train_2686.png,easy
ecg_train_2687.png,easy
ecg_train_2688.png,easy
ecg_train_2689.png,medium
ecg_train_2690.png,easy
ecg_train_2691.png,easy
ecg_train_2692.png,easy
ecg_train_2693.png,medium
ecg_train_2694.png,easy
ecg_train_2695.png,easy
ecg_train_2696.png,easy
ecg_train_2697.png,easy
ecg_train_2698.png,hard
ecg_train_2699.png,easy
ecg_train_2700.png,medium
ecg_train_2701.png,easy
ecg_train_2702.png,medium
ecg_train_2703.png,easy
ecg_train_2704.png,hard
ecg_train_2705.png,easy
ecg_train_2706.png,easy
ecg_train_2707.png,hard
ecg_train_2708.png,medium
ecg_train_2709.png,medium
ecg_train_2710.png,medium
ecg_train_2711.png,medium
ecg_train_2712.png,easy
ecg_train_2713.png,hard
ecg_train_2714.png,medium
ecg_train_2715.png,easy
ecg_train_2716.png,medium
ecg_train_2717.png,easy
ecg_train_2718.png,easy
ecg_train_2719.png,easy
ecg_train_2720.png,medium
ecg_train_2721.png,easy
ecg_train_2722.png,medium
ecg_train_2723.png,medium
ecg_train_2724.png,easy
ecg_train_2725.png,hard
ecg_train_2726.png,medium
ecg_train_2727.png,easy
ecg_train_2728.png,medium
ecg_train_2729.png,medium
ecg_train_2730.png,easy
ecg_train_2731.png,easy
ecg_train_2732.png,easy
ecg_train_2733.png,medium
ecg_train_2734.png,easy
ecg_train_2735.png,easy
ecg_train_2736.png,easy
ecg_train_2737.png,medium
ecg_train_2738.png,easy
ecg_train_2739.png,easy
ecg_train_2740.png,medium
ecg_train_2741.png,easy
ecg_train_2742.png,medium
ecg_train_2743.png,easy
ecg_train_2744.png,easy
ecg_train_2745.png,medium
ecg_train_2746.png,easy
ecg_train_2747.png,easy
ecg_train_2748.png,easy
ecg_train_2749.png,medium
ecg_train_2750.png,hard
ecg_train_2751.png,easy
ecg_train_2752.png,medium
ecg_train_2753.png,easy
ecg_train_2754.png,easy
ecg_train_2755.png,easy
ecg_train_2756.png,medium
ecg_train_2757.png,easy
ecg_train_2758.png,medium
ecg_train_2759.png,easy
ecg_train_2760.png,easy
ecg_train_2761.png,easy
ecg_train_2762.png,easy
ecg_train_2763.png,medium
ecg_train_2764.png,medium
ecg_train_2765.png,easy
ecg_train_2766.png,easy
ecg_train_2767.png,easy
ecg_train_2768.png,medium
ecg_train_2769.png,easy
ecg_train_2770.png,hard
ecg_train_2771.png,easy
ecg_train_2772.png,easy
ecg_train_2773.png,easy
ecg_train_2774.png,easy
ecg_train_2775.png,easy
ecg_train_2776.png,easy
ecg_train_2777.png,medium
ecg_train_2778.png,easy
ecg_train_2779.png,medium
ecg_train_2780.png,hard
ecg_train_2781.png,medium
ecg_train_2782.png,hard
ecg_train_2783.png,easy
ecg_train_2784.png,easy
ecg_train_2785.png,easy
ecg_train_2786.png,medium
ecg_train_2787.png,easy
ecg_train_2788.png,easy
ecg_train_2789.png,medium
ecg_train_2790.png,hard
ecg_train_2791.png,medium
ecg_train_2792.png,easy
ecg_train_2793.png,medium
ecg_train_2794.png,easy
ecg_train_2795.png,medium
ecg_train_2796.png,medium
ecg_train_2797.png,hard
ecg_train_2798.png,easy
ecg_train_2799.png,easy
ecg_train_2800.png,easy
ecg_train_2801.png,hard
ecg_train_2802.png,medium
ecg_train_2803.png,medium
ecg_train_2804.png,easy
ecg_train_2805.png,easy
ecg_train_2806.png,easy
ecg_train_2807.png,easy
ecg_train_2808.png,medium
ecg_train_2809.png,medium
ecg_train_2810.png,medium
ecg_train_2811.png,easy
ecg_train_2812.png,medium
ecg_train_2813.png,medium
ecg_train_2814.png,easy
ecg_train_2815.png,easy
ecg_train_2816.png,easy
ecg_train_2817.png,medium
ecg_train_2818.png,easy
ecg_train_2819.png,easy
ecg_train_2820.png,easy
ecg_train_2821.png,easy
ecg_train_2822.png,easy
ecg_train_2823.png,easy
ecg_train_2824.png,medium
ecg_train_2825.png,medium
ecg_train_2826.png,medium
ecg_train_2827.png,medium
ecg_train_2828.png,medium
ecg_train_2829.png,easy
ecg_train_2830.png,easy
ecg_train_2831.png,easy
ecg_train_2832.png,medium
ecg_train_2833.png,medium
ecg_train_2834.png,easy
ecg_train_2835.png,medium
ecg_train_2836.png,easy
ecg_train_2837.png,medium
ecg_train_2838.png,easy
ecg_train_2839.png,easy
ecg_train_2840.png,easy
ecg_train_2841.png,easy
ecg_train_2842.png,medium
ecg_train_2843.png,easy
ecg_train_2844.png,easy
ecg_train_2845.png,easy
ecg_train_2846.png,easy
ecg_train_2847.png,medium
ecg_train_2848.png,easy
ecg_train_2849.png,hard
ecg_train_2850.png,easy
ecg_train_2851.png,easy
ecg_train_2852.png,medium
ecg_train_2853.png,easy
ecg_train_2854.png,easy
ecg_train_2855.png,easy
ecg_train_2856.png,hard
ecg_train_2857.png,medium
ecg_train_2858.png,easy
ecg_train_2859.png,easy
ecg_train_2860.png,medium
ecg_train_2861.png,medium
ecg_train_2862.png,medium
ecg_train_2863.png,easy
ecg_train_2864.png,medium
ecg_train_2865.png,medium
ecg_train_2866.png,hard
ecg_train_2867.png,medium
ecg_train_2868.png,medium
ecg_train_2869.png,easy
ecg_train_2870.png,medium
ecg_train_2871.png,easy
ecg_train_2872.png,easy
ecg_train_2873.png,easy
ecg_train_2874.png,medium
ecg_train_2875.png,easy
ecg_train_2876.png,medium
ecg_train_2877.png,easy
ecg_train_2878.png,easy
ecg_train_2879.png,easy
ecg_train_2880.png,easy
ecg_train_2881.png,hard
ecg_train_2882.png,hard
ecg_train_2883.png,easy
ecg_train_2884.png,easy
ecg_train_2885.png,medium
ecg_train_2886.png,medium
ecg_train_2887.png,medium
ecg_train_2888.png,easy
ecg_train_2889.png,easy
ecg_train_2890.png,easy
ecg_train_2891.png,easy
ecg_train_2892.png,medium
ecg_train_2893.png,medium
ecg_train_2894.png,easy
ecg_train_2895.png,easy
ecg_train_2896.png,easy
ecg_train_2897.png,easy
ecg_train_2898.png,medium
ecg_train_2899.png,easy
ecg_train_2900.png,easy
ecg_train_2901.png,medium
ecg_train_2902.png,hard
ecg_train_2903.png,easy
ecg_train_2904.png,easy
ecg_train_2905.png,easy
ecg_train_2906.png,easy
ecg_train_2907.png,medium
ecg_train_2908.png,medium
ecg_train_2909.png,medium
ecg_train_2910.png,easy
ecg_train_2911.png,easy
ecg_train_2912.png,easy
ecg_train_2913.png,easy
ecg_train_2914.png,medium
ecg_train_2915.png,medium
ecg_train_2916.png,easy
ecg_train_2917.png,easy
ecg_train_2918.png,medium
ecg_train_2919.png,medium
ecg_train_2920.png,hard
ecg_train_2921.png,easy
ecg_train_2922.png,medium
ecg_train_2923.png,medium
ecg_train_2924.png,medium
ecg_train_2925.png,medium
ecg_train_2926.png,medium
ecg_train_2927.png,easy
ecg_train_2928.png,medium
ecg_train_2929.png,hard
ecg_train_2930.png,easy
ecg_train_2931.png,medium
ecg_train_2932.png,easy
ecg_train_2933.png,easy
ecg_train_2934.png,easy
ecg_train_2935.png,easy
ecg_train_2936.png,medium
ecg_train_2937.png,easy
ecg_train_2938.png,easy
ecg_train_2939.png,medium
ecg_train_2940.png,easy
ecg_train_2941.png,medium
ecg_train_2942.png,easy
ecg_train_2943.png,easy
ecg_train_2944.png,medium
ecg_train_2945.png,hard
ecg_train_2946.png,easy
ecg_train_2947.png,medium
ecg_train_2948.png,hard
ecg_train_2949.png,medium
ecg_train_2950.png,easy
ecg_train_2951.png,medium
ecg_train_2952.png,easy
ecg_train_2953.png,easy
ecg_train_2954.png,hard
ecg_train_2955.png,easy
ecg_train_2956.png,medium
ecg_train_2957.png,easy
ecg_train_2958.png,hard
ecg_train_2959.png,medium
ecg_train_2960.png,easy
ecg_train_2961.png,medium
ecg_train_2962.png,easy
ecg_train_2963.png,medium
ecg_train_2964.png,hard
ecg_train_2965.png,easy
ecg_train_2966.png,easy
ecg_train_2967.png,hard
ecg_train_2968.png,medium
ecg_train_2969.png,easy
ecg_train_2970.png,medium
ecg_train_2971.png,easy
ecg_train_2972.png,easy
ecg_train_2973.png,easy
ecg_train_2974.png,medium
ecg_train_2975.png,medium
ecg_train_2976.png,easy
ecg_train_2977.png,medium
ecg_train_2978.png,medium
ecg_train_2979.png,medium
ecg_train_2980.png,easy
ecg_train_2981.png,medium
ecg_train_2982.png,hard
ecg_train_2983.png,medium
ecg_train_2984.png,easy
ecg_train_2985.png,easy
ecg_train_2986.png,hard
ecg_train_2987.png,medium
ecg_train_2988.png,easy
ecg_train_2989.png,medium
ecg_train_2990.png,medium
ecg_train_2991.png,easy
ecg_train_2992.png,hard
ecg_train_2993.png,hard
ecg_train_2994.png,easy
ecg_train_2995.png,easy
ecg_train_2996.png,easy
ecg_train_2997.png,medium
ecg_train_2998.png,medium
ecg_train_2999.png,easy
ecg_train_3000.png,medium
